[{"model": "admin.logentry", "pk": 1, "fields": {"action_time": "2023-09-06T09:46:18.344Z", "user": 1, "content_type": 6, "object_id": "5", "object_repr": "aswathvk47@gmail.com", "action_flag": 1, "change_message": "[{\"added\": {}}]"}}, {"model": "admin.logentry", "pk": 2, "fields": {"action_time": "2023-09-06T10:03:07.766Z", "user": 1, "content_type": 6, "object_id": "6", "object_repr": "dev@gmail.com", "action_flag": 1, "change_message": "[{\"added\": {}}]"}}, {"model": "admin.logentry", "pk": 3, "fields": {"action_time": "2023-09-06T16:36:45.347Z", "user": 1, "content_type": 7, "object_id": "1", "object_repr": "Men", "action_flag": 1, "change_message": "[{\"added\": {}}]"}}, {"model": "admin.logentry", "pk": 4, "fields": {"action_time": "2023-09-06T16:36:53.385Z", "user": 1, "content_type": 7, "object_id": "2", "object_repr": "Women", "action_flag": 1, "change_message": "[{\"added\": {}}]"}}, {"model": "admin.logentry", "pk": 5, "fields": {"action_time": "2023-09-06T16:40:58.179Z", "user": 1, "content_type": 9, "object_id": "1", "object_repr": "Diamond", "action_flag": 1, "change_message": "[{\"added\": {}}]"}}, {"model": "admin.logentry", "pk": 6, "fields": {"action_time": "2023-09-06T16:43:07.564Z", "user": 1, "content_type": 8, "object_id": "1", "object_repr": "Men--Diamond--Bracelet", "action_flag": 1, "change_message": "[{\"added\": {}}]"}}, {"model": "admin.logentry", "pk": 7, "fields": {"action_time": "2023-09-06T16:45:30.021Z", "user": 1, "content_type": 9, "object_id": "2", "object_repr": "Men--Gold", "action_flag": 1, "change_message": "[{\"added\": {}}]"}}, {"model": "admin.logentry", "pk": 8, "fields": {"action_time": "2023-09-06T16:45:40.111Z", "user": 1, "content_type": 9, "object_id": "3", "object_repr": "Men--Platinum", "action_flag": 1, "change_message": "[{\"added\": {}}]"}}, {"model": "admin.logentry", "pk": 9, "fields": {"action_time": "2023-09-06T16:45:48.265Z", "user": 1, "content_type": 9, "object_id": "4", "object_repr": "Men--Silver", "action_flag": 1, "change_message": "[{\"added\": {}}]"}}, {"model": "admin.logentry", "pk": 10, "fields": {"action_time": "2023-09-06T16:46:08.930Z", "user": 1, "content_type": 9, "object_id": "5", "object_repr": "Women--Diamond", "action_flag": 1, "change_message": "[{\"added\": {}}]"}}, {"model": "admin.logentry", "pk": 11, "fields": {"action_time": "2023-09-06T16:46:16.248Z", "user": 1, "content_type": 9, "object_id": "6", "object_repr": "Women--Gold", "action_flag": 1, "change_message": "[{\"added\": {}}]"}}, {"model": "admin.logentry", "pk": 12, "fields": {"action_time": "2023-09-06T16:46:22.976Z", "user": 1, "content_type": 9, "object_id": "7", "object_repr": "Women--Platinum", "action_flag": 1, "change_message": "[{\"added\": {}}]"}}, {"model": "admin.logentry", "pk": 13, "fields": {"action_time": "2023-09-06T16:46:29.916Z", "user": 1, "content_type": 9, "object_id": "8", "object_repr": "Women--Silver", "action_flag": 1, "change_message": "[{\"added\": {}}]"}}, {"model": "admin.logentry", "pk": 14, "fields": {"action_time": "2023-09-06T16:46:59.783Z", "user": 1, "content_type": 8, "object_id": "2", "object_repr": "Men--Diamond--Chain", "action_flag": 1, "change_message": "[{\"added\": {}}]"}}, {"model": "admin.logentry", "pk": 15, "fields": {"action_time": "2023-09-06T16:47:13.576Z", "user": 1, "content_type": 8, "object_id": "3", "object_repr": "Men--Diamond--Earring", "action_flag": 1, "change_message": "[{\"added\": {}}]"}}, {"model": "admin.logentry", "pk": 16, "fields": {"action_time": "2023-09-06T16:47:28.833Z", "user": 1, "content_type": 8, "object_id": "4", "object_repr": "Men--Diamond--pendant", "action_flag": 1, "change_message": "[{\"added\": {}}]"}}, {"model": "admin.logentry", "pk": 17, "fields": {"action_time": "2023-09-06T16:48:06.495Z", "user": 1, "content_type": 9, "object_id": "7", "object_repr": "Women--Platinum", "action_flag": 3, "change_message": ""}}, {"model": "admin.logentry", "pk": 18, "fields": {"action_time": "2023-09-06T16:48:06.514Z", "user": 1, "content_type": 9, "object_id": "3", "object_repr": "Men--Platinum", "action_flag": 3, "change_message": ""}}, {"model": "admin.logentry", "pk": 19, "fields": {"action_time": "2023-09-06T16:48:28.244Z", "user": 1, "content_type": 8, "object_id": "4", "object_repr": "Men--Diamond--pendant", "action_flag": 3, "change_message": ""}}, {"model": "admin.logentry", "pk": 20, "fields": {"action_time": "2023-09-06T16:48:53.613Z", "user": 1, "content_type": 8, "object_id": "5", "object_repr": "Men--Gold--Bracelet", "action_flag": 1, "change_message": "[{\"added\": {}}]"}}, {"model": "admin.logentry", "pk": 21, "fields": {"action_time": "2023-09-06T16:49:07.590Z", "user": 1, "content_type": 8, "object_id": "6", "object_repr": "Men--Gold--Chain", "action_flag": 1, "change_message": "[{\"added\": {}}]"}}, {"model": "admin.logentry", "pk": 22, "fields": {"action_time": "2023-09-06T16:49:16.539Z", "user": 1, "content_type": 8, "object_id": "7", "object_repr": "Men--Gold--Earring", "action_flag": 1, "change_message": "[{\"added\": {}}]"}}, {"model": "admin.logentry", "pk": 23, "fields": {"action_time": "2023-09-06T16:49:28.155Z", "user": 1, "content_type": 8, "object_id": "8", "object_repr": "Men--Silver--Bracelet", "action_flag": 1, "change_message": "[{\"added\": {}}]"}}, {"model": "admin.logentry", "pk": 24, "fields": {"action_time": "2023-09-06T16:49:36.557Z", "user": 1, "content_type": 8, "object_id": "9", "object_repr": "Men--Silver--Chain", "action_flag": 1, "change_message": "[{\"added\": {}}]"}}, {"model": "admin.logentry", "pk": 25, "fields": {"action_time": "2023-09-06T16:49:45.245Z", "user": 1, "content_type": 8, "object_id": "10", "object_repr": "Men--Silver--Earring", "action_flag": 1, "change_message": "[{\"added\": {}}]"}}, {"model": "admin.logentry", "pk": 26, "fields": {"action_time": "2023-09-06T16:50:08.165Z", "user": 1, "content_type": 8, "object_id": "11", "object_repr": "Women--Diamond--Bracelet", "action_flag": 1, "change_message": "[{\"added\": {}}]"}}, {"model": "admin.logentry", "pk": 27, "fields": {"action_time": "2023-09-06T16:50:15.969Z", "user": 1, "content_type": 8, "object_id": "12", "object_repr": "Women--Diamond--Chain", "action_flag": 1, "change_message": "[{\"added\": {}}]"}}, {"model": "admin.logentry", "pk": 28, "fields": {"action_time": "2023-09-06T16:50:24.140Z", "user": 1, "content_type": 8, "object_id": "13", "object_repr": "Women--Diamond--Earring", "action_flag": 1, "change_message": "[{\"added\": {}}]"}}, {"model": "admin.logentry", "pk": 29, "fields": {"action_time": "2023-09-06T16:50:35.133Z", "user": 1, "content_type": 8, "object_id": "14", "object_repr": "Women--Gold--Bracelet", "action_flag": 1, "change_message": "[{\"added\": {}}]"}}, {"model": "admin.logentry", "pk": 30, "fields": {"action_time": "2023-09-06T16:50:43.481Z", "user": 1, "content_type": 8, "object_id": "15", "object_repr": "Women--Gold--Chain", "action_flag": 1, "change_message": "[{\"added\": {}}]"}}, {"model": "admin.logentry", "pk": 31, "fields": {"action_time": "2023-09-06T16:50:53.742Z", "user": 1, "content_type": 8, "object_id": "16", "object_repr": "Women--Gold--Earring", "action_flag": 1, "change_message": "[{\"added\": {}}]"}}, {"model": "admin.logentry", "pk": 32, "fields": {"action_time": "2023-09-06T16:51:01.926Z", "user": 1, "content_type": 8, "object_id": "17", "object_repr": "Women--Silver--Bracelet", "action_flag": 1, "change_message": "[{\"added\": {}}]"}}, {"model": "admin.logentry", "pk": 33, "fields": {"action_time": "2023-09-06T16:51:08.230Z", "user": 1, "content_type": 8, "object_id": "18", "object_repr": "Women--Silver--Chain", "action_flag": 1, "change_message": "[{\"added\": {}}]"}}, {"model": "admin.logentry", "pk": 34, "fields": {"action_time": "2023-09-06T16:51:16.267Z", "user": 1, "content_type": 8, "object_id": "19", "object_repr": "Women--Silver--Earring", "action_flag": 1, "change_message": "[{\"added\": {}}]"}}, {"model": "admin.logentry", "pk": 35, "fields": {"action_time": "2023-09-06T17:52:44.461Z", "user": 1, "content_type": 9, "object_id": "9", "object_repr": "Men--Platinum", "action_flag": 1, "change_message": "[{\"added\": {}}]"}}, {"model": "admin.logentry", "pk": 36, "fields": {"action_time": "2023-09-06T17:53:01.607Z", "user": 1, "content_type": 8, "object_id": "20", "object_repr": "Men--Platinum--chain", "action_flag": 1, "change_message": "[{\"added\": {}}]"}}, {"model": "admin.logentry", "pk": 37, "fields": {"action_time": "2023-09-06T17:53:40.004Z", "user": 1, "content_type": 8, "object_id": "20", "object_repr": "Men--Platinum--chain", "action_flag": 3, "change_message": ""}}, {"model": "admin.logentry", "pk": 38, "fields": {"action_time": "2023-09-06T17:54:00.048Z", "user": 1, "content_type": 9, "object_id": "9", "object_repr": "Men--Platinum", "action_flag": 3, "change_message": ""}}, {"model": "admin.logentry", "pk": 39, "fields": {"action_time": "2023-09-06T17:54:30.097Z", "user": 1, "content_type": 7, "object_id": "3", "object_repr": "bin", "action_flag": 1, "change_message": "[{\"added\": {}}]"}}, {"model": "admin.logentry", "pk": 40, "fields": {"action_time": "2023-09-06T17:54:58.797Z", "user": 1, "content_type": 9, "object_id": "10", "object_repr": "bin--Diamond", "action_flag": 1, "change_message": "[{\"added\": {}}]"}}, {"model": "admin.logentry", "pk": 41, "fields": {"action_time": "2023-09-06T17:55:20.939Z", "user": 1, "content_type": 8, "object_id": "21", "object_repr": "bin--Diamond--Bracelet", "action_flag": 1, "change_message": "[{\"added\": {}}]"}}, {"model": "admin.logentry", "pk": 42, "fields": {"action_time": "2023-09-06T17:55:36.046Z", "user": 1, "content_type": 7, "object_id": "3", "object_repr": "bin", "action_flag": 3, "change_message": ""}}, {"model": "admin.logentry", "pk": 43, "fields": {"action_time": "2023-09-07T03:32:26.407Z", "user": 1, "content_type": 9, "object_id": "11", "object_repr": "Men--platinum", "action_flag": 1, "change_message": "[{\"added\": {}}]"}}, {"model": "admin.logentry", "pk": 44, "fields": {"action_time": "2023-09-07T03:32:53.088Z", "user": 1, "content_type": 8, "object_id": "22", "object_repr": "Men--platinum--Chain", "action_flag": 1, "change_message": "[{\"added\": {}}]"}}, {"model": "admin.logentry", "pk": 45, "fields": {"action_time": "2023-09-07T05:08:07.131Z", "user": 1, "content_type": 7, "object_id": "4", "object_repr": "binary", "action_flag": 1, "change_message": "[{\"added\": {}}]"}}, {"model": "admin.logentry", "pk": 46, "fields": {"action_time": "2023-09-07T05:08:26.794Z", "user": 1, "content_type": 7, "object_id": "4", "object_repr": "binary", "action_flag": 3, "change_message": ""}}, {"model": "admin.logentry", "pk": 47, "fields": {"action_time": "2023-09-07T11:54:34.736Z", "user": 1, "content_type": 13, "object_id": "1", "object_repr": "New products", "action_flag": 1, "change_message": "[{\"added\": {}}]"}}, {"model": "admin.logentry", "pk": 48, "fields": {"action_time": "2023-09-07T12:00:25.256Z", "user": 1, "content_type": 13, "object_id": "2", "object_repr": "New products", "action_flag": 1, "change_message": "[{\"added\": {}}]"}}, {"model": "admin.logentry", "pk": 49, "fields": {"action_time": "2023-09-07T12:07:07.287Z", "user": 1, "content_type": 11, "object_id": "1", "object_repr": "POPPI BOLT PENDANT - SILVER", "action_flag": 1, "change_message": "[{\"added\": {}}, {\"added\": {\"name\": \"product_images\", \"object\": \"product_images object (1)\"}}, {\"added\": {\"name\": \"product_images\", \"object\": \"product_images object (2)\"}}, {\"added\": {\"name\": \"product_images\", \"object\": \"product_images object (3)\"}}, {\"added\": {\"name\": \"add_description\", \"object\": \"add_description object (1)\"}}]"}}, {"model": "admin.logentry", "pk": 50, "fields": {"action_time": "2023-09-07T12:09:26.295Z", "user": 1, "content_type": 13, "object_id": "2", "object_repr": "New products", "action_flag": 3, "change_message": ""}}, {"model": "admin.logentry", "pk": 51, "fields": {"action_time": "2023-09-07T12:15:32.551Z", "user": 1, "content_type": 11, "object_id": "2", "object_repr": "POPPI BOLT RING - SILVER", "action_flag": 1, "change_message": "[{\"added\": {}}, {\"added\": {\"name\": \"product_images\", \"object\": \"product_images object (4)\"}}, {\"added\": {\"name\": \"product_images\", \"object\": \"product_images object (5)\"}}, {\"added\": {\"name\": \"product_images\", \"object\": \"product_images object (6)\"}}, {\"added\": {\"name\": \"add_description\", \"object\": \"add_description object (2)\"}}]"}}, {"model": "admin.logentry", "pk": 52, "fields": {"action_time": "2023-09-07T12:38:20.910Z", "user": 1, "content_type": 11, "object_id": "1", "object_repr": "POPPI BOLT PENDANT - SILVER", "action_flag": 2, "change_message": "[{\"changed\": {\"fields\": [\"Product image\"]}}]"}}, {"model": "admin.logentry", "pk": 53, "fields": {"action_time": "2023-09-07T12:40:53.790Z", "user": 1, "content_type": 11, "object_id": "1", "object_repr": "POPPI BOLT PENDANT - SILVER", "action_flag": 2, "change_message": "[{\"changed\": {\"fields\": [\"Product image\"]}}]"}}, {"model": "admin.logentry", "pk": 54, "fields": {"action_time": "2023-09-07T12:41:11.875Z", "user": 1, "content_type": 11, "object_id": "2", "object_repr": "POPPI BOLT RING - SILVER", "action_flag": 2, "change_message": "[{\"changed\": {\"fields\": [\"Product image\"]}}]"}}, {"model": "admin.logentry", "pk": 55, "fields": {"action_time": "2023-09-07T12:43:55.209Z", "user": 1, "content_type": 11, "object_id": "2", "object_repr": "POPPI BOLT RING - SILVER", "action_flag": 2, "change_message": "[{\"changed\": {\"fields\": [\"Product image\"]}}]"}}, {"model": "admin.logentry", "pk": 56, "fields": {"action_time": "2023-09-07T12:44:12.309Z", "user": 1, "content_type": 11, "object_id": "1", "object_repr": "POPPI BOLT PENDANT - SILVER", "action_flag": 2, "change_message": "[{\"changed\": {\"fields\": [\"Product image\"]}}]"}}, {"model": "admin.logentry", "pk": 57, "fields": {"action_time": "2023-09-07T17:20:22.814Z", "user": 1, "content_type": 11, "object_id": "2", "object_repr": "POPPI BOLT RING - SILVER", "action_flag": 2, "change_message": "[{\"changed\": {\"fields\": [\"Product image\"]}}]"}}, {"model": "admin.logentry", "pk": 58, "fields": {"action_time": "2023-09-07T17:20:44.272Z", "user": 1, "content_type": 11, "object_id": "1", "object_repr": "POPPI BOLT PENDANT - SILVER", "action_flag": 2, "change_message": "[{\"changed\": {\"fields\": [\"Product image\"]}}]"}}, {"model": "admin.logentry", "pk": 59, "fields": {"action_time": "2023-09-07T17:40:04.682Z", "user": 1, "content_type": 11, "object_id": "2", "object_repr": "POPPI BOLT RING - SILVER", "action_flag": 2, "change_message": "[{\"changed\": {\"fields\": [\"Product image\"]}}]"}}, {"model": "admin.logentry", "pk": 60, "fields": {"action_time": "2023-09-07T17:40:25.524Z", "user": 1, "content_type": 11, "object_id": "1", "object_repr": "POPPI BOLT PENDANT - SILVER", "action_flag": 2, "change_message": "[{\"changed\": {\"fields\": [\"Product image\"]}}]"}}, {"model": "admin.logentry", "pk": 61, "fields": {"action_time": "2023-09-07T17:45:54.319Z", "user": 1, "content_type": 11, "object_id": "2", "object_repr": "POPPI BOLT RING - SILVER", "action_flag": 2, "change_message": "[{\"changed\": {\"fields\": [\"Product image\"]}}]"}}, {"model": "admin.logentry", "pk": 62, "fields": {"action_time": "2023-09-07T17:46:11.409Z", "user": 1, "content_type": 11, "object_id": "1", "object_repr": "POPPI BOLT PENDANT - SILVER", "action_flag": 2, "change_message": "[{\"changed\": {\"fields\": [\"Product image\"]}}]"}}, {"model": "admin.logentry", "pk": 63, "fields": {"action_time": "2023-09-07T17:49:40.217Z", "user": 1, "content_type": 11, "object_id": "2", "object_repr": "POPPI BOLT RING - SILVER", "action_flag": 2, "change_message": "[{\"changed\": {\"fields\": [\"Product image\"]}}]"}}, {"model": "admin.logentry", "pk": 64, "fields": {"action_time": "2023-09-07T18:13:59.122Z", "user": 1, "content_type": 13, "object_id": "3", "object_repr": "all", "action_flag": 1, "change_message": "[{\"added\": {}}]"}}, {"model": "admin.logentry", "pk": 65, "fields": {"action_time": "2023-09-07T18:14:18.091Z", "user": 1, "content_type": 11, "object_id": "3", "object_repr": "LE CLEO DEWDROP MULTILAYER NECKLACE", "action_flag": 1, "change_message": "[{\"added\": {}}, {\"added\": {\"name\": \"add_description\", \"object\": \"add_description object (3)\"}}]"}}, {"model": "admin.logentry", "pk": 66, "fields": {"action_time": "2023-09-07T18:18:36.462Z", "user": 1, "content_type": 11, "object_id": "4", "object_repr": "LE PALM SEREFINA NECKLACE", "action_flag": 1, "change_message": "[{\"added\": {}}, {\"added\": {\"name\": \"product_images\", \"object\": \"product_images object (7)\"}}, {\"added\": {\"name\": \"product_images\", \"object\": \"product_images object (8)\"}}, {\"added\": {\"name\": \"product_images\", \"object\": \"product_images object (9)\"}}, {\"added\": {\"name\": \"add_description\", \"object\": \"add_description object (4)\"}}]"}}, {"model": "admin.logentry", "pk": 67, "fields": {"action_time": "2023-09-07T18:30:08.538Z", "user": 1, "content_type": 11, "object_id": "5", "object_repr": "DRIP OH FREE FALL EARRINGS IN SILVER", "action_flag": 1, "change_message": "[{\"added\": {}}, {\"added\": {\"name\": \"product_images\", \"object\": \"product_images object (10)\"}}, {\"added\": {\"name\": \"product_images\", \"object\": \"product_images object (11)\"}}, {\"added\": {\"name\": \"product_images\", \"object\": \"product_images object (12)\"}}, {\"added\": {\"name\": \"add_description\", \"object\": \"add_description object (5)\"}}]"}}, {"model": "admin.logentry", "pk": 68, "fields": {"action_time": "2023-09-07T18:46:52.185Z", "user": 1, "content_type": 11, "object_id": "2", "object_repr": "POPPI BOLT RING - SILVER", "action_flag": 2, "change_message": "[{\"changed\": {\"fields\": [\"Product image\"]}}]"}}, {"model": "admin.logentry", "pk": 69, "fields": {"action_time": "2023-09-07T19:09:54.616Z", "user": 1, "content_type": 11, "object_id": "6", "object_repr": "AMERICAN DIAMOND SOLITAIRE RING", "action_flag": 1, "change_message": "[{\"added\": {}}, {\"added\": {\"name\": \"product_images\", \"object\": \"product_images object (13)\"}}, {\"added\": {\"name\": \"product_images\", \"object\": \"product_images object (14)\"}}, {\"added\": {\"name\": \"product_images\", \"object\": \"product_images object (15)\"}}, {\"added\": {\"name\": \"add_description\", \"object\": \"add_description object (6)\"}}]"}}, {"model": "admin.logentry", "pk": 70, "fields": {"action_time": "2023-09-07T19:42:11.732Z", "user": 1, "content_type": 11, "object_id": "3", "object_repr": "LE CLEO DEWDROP MULTILAYER NECKLACE", "action_flag": 2, "change_message": "[]"}}, {"model": "admin.logentry", "pk": 71, "fields": {"action_time": "2023-09-08T03:56:33.007Z", "user": 1, "content_type": 7, "object_id": "5", "object_repr": "non-bin", "action_flag": 1, "change_message": "[{\"added\": {}}]"}}, {"model": "admin.logentry", "pk": 72, "fields": {"action_time": "2023-09-08T03:57:20.507Z", "user": 1, "content_type": 7, "object_id": "5", "object_repr": "non-bin", "action_flag": 3, "change_message": ""}}, {"model": "admin.logentry", "pk": 73, "fields": {"action_time": "2023-09-08T10:46:54.538Z", "user": 1, "content_type": 11, "object_id": "6", "object_repr": "AMERICAN DIAMOND SOLITAIRE RING", "action_flag": 2, "change_message": "[]"}}, {"model": "admin.logentry", "pk": 74, "fields": {"action_time": "2023-09-08T10:47:14.353Z", "user": 1, "content_type": 11, "object_id": "5", "object_repr": "DRIP OH FREE FALL EARRINGS IN SILVER", "action_flag": 2, "change_message": "[]"}}, {"model": "admin.logentry", "pk": 75, "fields": {"action_time": "2023-09-08T10:47:37.106Z", "user": 1, "content_type": 11, "object_id": "4", "object_repr": "LE PALM SEREFINA NECKLACE", "action_flag": 2, "change_message": "[]"}}, {"model": "admin.logentry", "pk": 76, "fields": {"action_time": "2023-09-08T10:47:54.545Z", "user": 1, "content_type": 11, "object_id": "3", "object_repr": "LE CLEO DEWDROP MULTILAYER NECKLACE", "action_flag": 2, "change_message": "[]"}}, {"model": "admin.logentry", "pk": 77, "fields": {"action_time": "2023-09-08T10:48:10.318Z", "user": 1, "content_type": 11, "object_id": "2", "object_repr": "POPPI BOLT RING - SILVER", "action_flag": 2, "change_message": "[]"}}, {"model": "admin.logentry", "pk": 78, "fields": {"action_time": "2023-09-08T10:48:17.670Z", "user": 1, "content_type": 11, "object_id": "1", "object_repr": "POPPI BOLT PENDANT - SILVER", "action_flag": 2, "change_message": "[]"}}, {"model": "admin.logentry", "pk": 79, "fields": {"action_time": "2023-09-09T13:18:55.841Z", "user": 1, "content_type": 6, "object_id": "4", "object_repr": "ashvn@gmail.com", "action_flag": 2, "change_message": "[{\"changed\": {\"fields\": [\"Full name\", \"First name\", \"Last name\", \"Ph no\"]}}]"}}, {"model": "admin.logentry", "pk": 80, "fields": {"action_time": "2023-09-10T06:39:33.941Z", "user": 1, "content_type": 11, "object_id": "3", "object_repr": "LE CLEO NECKLACE", "action_flag": 2, "change_message": "[{\"changed\": {\"fields\": [\"Product name\"]}}]"}}, {"model": "admin.logentry", "pk": 81, "fields": {"action_time": "2023-09-10T06:39:49.602Z", "user": 1, "content_type": 11, "object_id": "5", "object_repr": "FREE FALL EARRINGS", "action_flag": 2, "change_message": "[{\"changed\": {\"fields\": [\"Product name\"]}}]"}}, {"model": "admin.logentry", "pk": 82, "fields": {"action_time": "2023-09-10T06:40:07.638Z", "user": 1, "content_type": 11, "object_id": "4", "object_repr": "PALM  NECKLACE", "action_flag": 2, "change_message": "[{\"changed\": {\"fields\": [\"Product name\"]}}]"}}, {"model": "admin.logentry", "pk": 83, "fields": {"action_time": "2023-09-10T06:40:32.235Z", "user": 1, "content_type": 11, "object_id": "6", "object_repr": "SOLITAIRE RING", "action_flag": 2, "change_message": "[{\"changed\": {\"fields\": [\"Product name\"]}}]"}}, {"model": "admin.logentry", "pk": 84, "fields": {"action_time": "2023-09-10T06:40:55.012Z", "user": 1, "content_type": 11, "object_id": "2", "object_repr": "POPPI BOLT", "action_flag": 2, "change_message": "[{\"changed\": {\"fields\": [\"Product name\"]}}]"}}, {"model": "admin.logentry", "pk": 85, "fields": {"action_time": "2023-09-10T06:41:10.246Z", "user": 1, "content_type": 11, "object_id": "1", "object_repr": "POPPI PENDANT", "action_flag": 2, "change_message": "[{\"changed\": {\"fields\": [\"Product name\"]}}]"}}, {"model": "admin.logentry", "pk": 86, "fields": {"action_time": "2023-09-10T18:49:02.776Z", "user": 1, "content_type": 11, "object_id": "7", "object_repr": "POPPI BOLT PENDANT - SILVER", "action_flag": 1, "change_message": "[{\"added\": {}}, {\"added\": {\"name\": \"product_images\", \"object\": \"product_images object (16)\"}}, {\"added\": {\"name\": \"add_description\", \"object\": \"add_description object (7)\"}}]"}}, {"model": "admin.logentry", "pk": 87, "fields": {"action_time": "2023-09-10T18:49:34.682Z", "user": 1, "content_type": 11, "object_id": "7", "object_repr": "POPPI BOLT PENDANT - SILVER", "action_flag": 3, "change_message": ""}}, {"model": "admin.logentry", "pk": 88, "fields": {"action_time": "2023-09-11T03:35:58.798Z", "user": 1, "content_type": 11, "object_id": "7", "object_repr": "w", "action_flag": 1, "change_message": "[{\"added\": {}}, {\"added\": {\"name\": \"product_images\", \"object\": \"product_images object (17)\"}}, {\"added\": {\"name\": \"add_description\", \"object\": \"add_description object (8)\"}}]"}}, {"model": "admin.logentry", "pk": 89, "fields": {"action_time": "2023-09-11T08:05:24.268Z", "user": 1, "content_type": 11, "object_id": "11", "object_repr": "aa", "action_flag": 3, "change_message": ""}}, {"model": "admin.logentry", "pk": 90, "fields": {"action_time": "2023-09-12T20:51:54.490Z", "user": 1, "content_type": 11, "object_id": "1", "object_repr": "padent", "action_flag": 2, "change_message": "[{\"changed\": {\"fields\": [\"Product image\"]}}]"}}, {"model": "admin.logentry", "pk": 91, "fields": {"action_time": "2023-09-16T06:41:00.404Z", "user": 1, "content_type": 7, "object_id": "9", "object_repr": "binary", "action_flag": 3, "change_message": ""}}, {"model": "admin.logentry", "pk": 92, "fields": {"action_time": "2023-09-16T06:42:12.667Z", "user": 1, "content_type": 6, "object_id": "18", "object_repr": "ashwinashi6@gmail.com", "action_flag": 3, "change_message": ""}}, {"model": "admin.logentry", "pk": 93, "fields": {"action_time": "2023-09-16T18:12:01.772Z", "user": 1, "content_type": 11, "object_id": "16", "object_repr": "POPPI BOLT RING - SILVER", "action_flag": 1, "change_message": "[{\"added\": {}}, {\"added\": {\"name\": \"product_images\", \"object\": \"product_images object (18)\"}}, {\"added\": {\"name\": \"product_images\", \"object\": \"product_images object (19)\"}}, {\"added\": {\"name\": \"product_images\", \"object\": \"product_images object (20)\"}}, {\"added\": {\"name\": \"add_description\", \"object\": \"add_description object (17)\"}}]"}}, {"model": "admin.logentry", "pk": 94, "fields": {"action_time": "2023-09-16T18:13:54.613Z", "user": 1, "content_type": 11, "object_id": "16", "object_repr": "POPPI BOLT RING - SILVER", "action_flag": 3, "change_message": ""}}, {"model": "admin.logentry", "pk": 95, "fields": {"action_time": "2023-09-16T18:16:00.904Z", "user": 1, "content_type": 11, "object_id": "17", "object_repr": "POPPI BOLT RING - SILVER", "action_flag": 1, "change_message": "[{\"added\": {}}, {\"added\": {\"name\": \"product_images\", \"object\": \"product_images object (21)\"}}, {\"added\": {\"name\": \"product_images\", \"object\": \"product_images object (22)\"}}, {\"added\": {\"name\": \"product_images\", \"object\": \"product_images object (23)\"}}, {\"added\": {\"name\": \"add_description\", \"object\": \"add_description object (18)\"}}]"}}, {"model": "admin.logentry", "pk": 96, "fields": {"action_time": "2023-09-16T18:21:28.872Z", "user": 1, "content_type": 11, "object_id": "17", "object_repr": "POPPI BOLT RING - SILVER", "action_flag": 3, "change_message": ""}}, {"model": "admin.logentry", "pk": 97, "fields": {"action_time": "2023-09-16T18:23:12.507Z", "user": 1, "content_type": 11, "object_id": "18", "object_repr": "POPPI BOLT RING - SILVER", "action_flag": 1, "change_message": "[{\"added\": {}}, {\"added\": {\"name\": \"product_images\", \"object\": \"product_images object (24)\"}}, {\"added\": {\"name\": \"product_images\", \"object\": \"product_images object (25)\"}}, {\"added\": {\"name\": \"product_images\", \"object\": \"product_images object (26)\"}}, {\"added\": {\"name\": \"add_description\", \"object\": \"add_description object (19)\"}}]"}}, {"model": "admin.logentry", "pk": 98, "fields": {"action_time": "2023-09-19T06:37:46.775Z", "user": 1, "content_type": 11, "object_id": "18", "object_repr": "POPPI BOLT RING - SILVER", "action_flag": 3, "change_message": ""}}, {"model": "admin.logentry", "pk": 99, "fields": {"action_time": "2023-09-19T06:39:45.613Z", "user": 1, "content_type": 11, "object_id": "19", "object_repr": "POPPI BOLT RING - SILVER", "action_flag": 1, "change_message": "[{\"added\": {}}, {\"added\": {\"name\": \"product_images\", \"object\": \"product_images object (27)\"}}, {\"added\": {\"name\": \"product_images\", \"object\": \"product_images object (28)\"}}, {\"added\": {\"name\": \"product_images\", \"object\": \"product_images object (29)\"}}, {\"added\": {\"name\": \"add_description\", \"object\": \"add_description object (20)\"}}]"}}, {"model": "admin.logentry", "pk": 100, "fields": {"action_time": "2023-09-19T09:08:22.063Z", "user": 1, "content_type": 7, "object_id": "10", "object_repr": "bin", "action_flag": 3, "change_message": ""}}, {"model": "admin.logentry", "pk": 101, "fields": {"action_time": "2023-09-26T07:05:29.141Z", "user": 1, "content_type": 11, "object_id": "24", "object_repr": "POPPI BOLT PENDANT - SILVER", "action_flag": 1, "change_message": "[{\"added\": {}}, {\"added\": {\"name\": \"product_images\", \"object\": \"product_images object (30)\"}}, {\"added\": {\"name\": \"product_images\", \"object\": \"product_images object (31)\"}}, {\"added\": {\"name\": \"product_images\", \"object\": \"product_images object (32)\"}}, {\"added\": {\"name\": \"add_description\", \"object\": \"add_description object (25)\"}}]"}}, {"model": "admin.logentry", "pk": 102, "fields": {"action_time": "2023-09-26T07:11:40.919Z", "user": 1, "content_type": 11, "object_id": "25", "object_repr": "LE CLEO  NECKLACE", "action_flag": 1, "change_message": "[{\"added\": {}}, {\"added\": {\"name\": \"product_images\", \"object\": \"product_images object (33)\"}}, {\"added\": {\"name\": \"product_images\", \"object\": \"product_images object (34)\"}}, {\"added\": {\"name\": \"product_images\", \"object\": \"product_images object (35)\"}}, {\"added\": {\"name\": \"add_description\", \"object\": \"add_description object (26)\"}}]"}}, {"model": "admin.logentry", "pk": 103, "fields": {"action_time": "2023-09-26T07:19:46.821Z", "user": 1, "content_type": 11, "object_id": "26", "object_repr": "POPPI BOLT RING - SILVER", "action_flag": 1, "change_message": "[{\"added\": {}}, {\"added\": {\"name\": \"product_images\", \"object\": \"product_images object (36)\"}}, {\"added\": {\"name\": \"product_images\", \"object\": \"product_images object (37)\"}}, {\"added\": {\"name\": \"product_images\", \"object\": \"product_images object (38)\"}}, {\"added\": {\"name\": \"add_description\", \"object\": \"add_description object (27)\"}}]"}}, {"model": "admin.logentry", "pk": 104, "fields": {"action_time": "2023-09-26T07:50:17.425Z", "user": 1, "content_type": 11, "object_id": "27", "object_repr": "d", "action_flag": 2, "change_message": "[{\"changed\": {\"fields\": [\"Product image\", \"Product information\"]}}, {\"added\": {\"name\": \"product_images\", \"object\": \"product_images object (39)\"}}, {\"changed\": {\"name\": \"add_description\", \"object\": \"add_description object (28)\", \"fields\": [\"Add description\"]}}]"}}, {"model": "admin.logentry", "pk": 105, "fields": {"action_time": "2023-09-26T09:50:16.192Z", "user": 1, "content_type": 15, "object_id": "fa705c36-1d19-4156-b688-9eb34c130a29", "object_repr": "fa705c36-1d19-4156-b688-9eb34c130a29", "action_flag": 1, "change_message": "[{\"added\": {}}]"}}, {"model": "admin.logentry", "pk": 106, "fields": {"action_time": "2023-09-26T09:50:29.042Z", "user": 1, "content_type": 14, "object_id": "1", "object_repr": "POPPI BOLT RING - SILVER", "action_flag": 1, "change_message": "[{\"added\": {}}]"}}, {"model": "admin.logentry", "pk": 107, "fields": {"action_time": "2023-09-26T09:52:13.890Z", "user": 1, "content_type": 15, "object_id": "f184522e-3bd6-47af-95ff-252ed279bf62", "object_repr": "Ashwinvk", "action_flag": 1, "change_message": "[{\"added\": {}}]"}}, {"model": "admin.logentry", "pk": 108, "fields": {"action_time": "2023-09-26T09:52:22.304Z", "user": 1, "content_type": 15, "object_id": "fa705c36-1d19-4156-b688-9eb34c130a29", "object_repr": "", "action_flag": 3, "change_message": ""}}, {"model": "admin.logentry", "pk": 109, "fields": {"action_time": "2023-09-26T14:53:47.780Z", "user": 1, "content_type": 15, "object_id": "f184522e-3bd6-47af-95ff-252ed279bf62", "object_repr": "Ashwinvk", "action_flag": 3, "change_message": ""}}, {"model": "admin.logentry", "pk": 110, "fields": {"action_time": "2023-09-27T07:26:05.481Z", "user": 1, "content_type": 15, "object_id": "1", "object_repr": "Ashwinvk", "action_flag": 1, "change_message": "[{\"added\": {}}]"}}, {"model": "admin.logentry", "pk": 111, "fields": {"action_time": "2023-09-27T09:08:53.081Z", "user": 1, "content_type": 14, "object_id": "2", "object_repr": "POPPI BOLT PENDANT - SILVER", "action_flag": 1, "change_message": "[{\"added\": {}}]"}}, {"model": "admin.logentry", "pk": 112, "fields": {"action_time": "2023-09-27T09:23:02.892Z", "user": 1, "content_type": 15, "object_id": "1", "object_repr": "Ashwinvk", "action_flag": 3, "change_message": ""}}, {"model": "admin.logentry", "pk": 113, "fields": {"action_time": "2023-09-27T09:47:50.709Z", "user": 1, "content_type": 15, "object_id": "3", "object_repr": "Ashwinvk", "action_flag": 3, "change_message": ""}}, {"model": "admin.logentry", "pk": 114, "fields": {"action_time": "2023-09-27T09:47:50.723Z", "user": 1, "content_type": 15, "object_id": "2", "object_repr": "Arjun Mm", "action_flag": 3, "change_message": ""}}, {"model": "admin.logentry", "pk": 115, "fields": {"action_time": "2023-09-28T07:35:11.016Z", "user": 1, "content_type": 14, "object_id": "8", "object_repr": "POPPI BOLT RING - SILVER", "action_flag": 3, "change_message": ""}}, {"model": "admin.logentry", "pk": 116, "fields": {"action_time": "2023-09-28T07:35:11.041Z", "user": 1, "content_type": 14, "object_id": "7", "object_repr": "LE CLEO  NECKLACE", "action_flag": 3, "change_message": ""}}, {"model": "admin.logentry", "pk": 117, "fields": {"action_time": "2023-09-28T07:35:11.058Z", "user": 1, "content_type": 14, "object_id": "6", "object_repr": "POPPI BOLT PENDANT - SILVER", "action_flag": 3, "change_message": ""}}, {"model": "admin.logentry", "pk": 118, "fields": {"action_time": "2023-09-28T07:35:11.066Z", "user": 1, "content_type": 14, "object_id": "5", "object_repr": "POPPI BOLT RING - SILVER", "action_flag": 3, "change_message": ""}}, {"model": "admin.logentry", "pk": 119, "fields": {"action_time": "2023-09-28T07:35:11.090Z", "user": 1, "content_type": 14, "object_id": "4", "object_repr": "POPPI BOLT PENDANT - SILVER", "action_flag": 3, "change_message": ""}}, {"model": "admin.logentry", "pk": 120, "fields": {"action_time": "2023-09-28T07:35:11.106Z", "user": 1, "content_type": 14, "object_id": "3", "object_repr": "LE CLEO  NECKLACE", "action_flag": 3, "change_message": ""}}, {"model": "admin.logentry", "pk": 121, "fields": {"action_time": "2023-09-28T07:48:13.063Z", "user": 1, "content_type": 14, "object_id": "24", "object_repr": "LE CLEO  NECKLACE", "action_flag": 2, "change_message": "[{\"changed\": {\"fields\": [\"Quantity\"]}}]"}}, {"model": "admin.logentry", "pk": 122, "fields": {"action_time": "2023-09-28T07:49:13.840Z", "user": 1, "content_type": 14, "object_id": "25", "object_repr": "POPPI BOLT PENDANT - SILVER", "action_flag": 2, "change_message": "[{\"changed\": {\"fields\": [\"Quantity\"]}}]"}}, {"model": "admin.logentry", "pk": 123, "fields": {"action_time": "2023-09-28T10:03:42.007Z", "user": 1, "content_type": 16, "object_id": "1", "object_repr": "ashwin", "action_flag": 1, "change_message": "[{\"added\": {}}]"}}, {"model": "admin.logentry", "pk": 124, "fields": {"action_time": "2023-09-28T11:17:55.834Z", "user": 1, "content_type": 16, "object_id": "2", "object_repr": "ashwin", "action_flag": 1, "change_message": "[{\"added\": {}}]"}}, {"model": "admin.logentry", "pk": 125, "fields": {"action_time": "2023-09-28T14:58:30.740Z", "user": 1, "content_type": 16, "object_id": "4", "object_repr": "ashwin", "action_flag": 3, "change_message": ""}}, {"model": "admin.logentry", "pk": 126, "fields": {"action_time": "2023-09-28T14:58:30.755Z", "user": 1, "content_type": 16, "object_id": "3", "object_repr": "ashwin", "action_flag": 3, "change_message": ""}}, {"model": "admin.logentry", "pk": 127, "fields": {"action_time": "2023-09-28T14:58:30.769Z", "user": 1, "content_type": 16, "object_id": "2", "object_repr": "ashwin", "action_flag": 3, "change_message": ""}}, {"model": "admin.logentry", "pk": 128, "fields": {"action_time": "2023-09-30T07:00:35.644Z", "user": 1, "content_type": 17, "object_id": "7", "object_repr": "Order #7 - None", "action_flag": 3, "change_message": ""}}, {"model": "admin.logentry", "pk": 129, "fields": {"action_time": "2023-09-30T07:00:35.673Z", "user": 1, "content_type": 17, "object_id": "6", "object_repr": "Order #6 - None", "action_flag": 3, "change_message": ""}}, {"model": "admin.logentry", "pk": 130, "fields": {"action_time": "2023-09-30T07:00:35.702Z", "user": 1, "content_type": 17, "object_id": "5", "object_repr": "Order #5 - None", "action_flag": 3, "change_message": ""}}, {"model": "admin.logentry", "pk": 131, "fields": {"action_time": "2023-09-30T07:00:35.717Z", "user": 1, "content_type": 17, "object_id": "4", "object_repr": "Order #4 - None", "action_flag": 3, "change_message": ""}}, {"model": "admin.logentry", "pk": 132, "fields": {"action_time": "2023-09-30T07:00:35.729Z", "user": 1, "content_type": 17, "object_id": "3", "object_repr": "Order #3 - None", "action_flag": 3, "change_message": ""}}, {"model": "admin.logentry", "pk": 133, "fields": {"action_time": "2023-09-30T07:00:35.756Z", "user": 1, "content_type": 17, "object_id": "2", "object_repr": "Order #2 - None", "action_flag": 3, "change_message": ""}}, {"model": "admin.logentry", "pk": 134, "fields": {"action_time": "2023-09-30T07:00:35.772Z", "user": 1, "content_type": 17, "object_id": "1", "object_repr": "Order #1 - None", "action_flag": 3, "change_message": ""}}, {"model": "admin.logentry", "pk": 135, "fields": {"action_time": "2023-09-30T07:21:34.026Z", "user": 1, "content_type": 18, "object_id": "12", "object_repr": "12", "action_flag": 3, "change_message": ""}}, {"model": "admin.logentry", "pk": 136, "fields": {"action_time": "2023-09-30T07:21:34.039Z", "user": 1, "content_type": 18, "object_id": "11", "object_repr": "11", "action_flag": 3, "change_message": ""}}, {"model": "admin.logentry", "pk": 137, "fields": {"action_time": "2023-09-30T07:21:34.052Z", "user": 1, "content_type": 18, "object_id": "10", "object_repr": "10", "action_flag": 3, "change_message": ""}}, {"model": "admin.logentry", "pk": 138, "fields": {"action_time": "2023-09-30T07:21:43.744Z", "user": 1, "content_type": 17, "object_id": "11", "object_repr": "Order #11 - None", "action_flag": 3, "change_message": ""}}, {"model": "admin.logentry", "pk": 139, "fields": {"action_time": "2023-09-30T07:21:43.756Z", "user": 1, "content_type": 17, "object_id": "10", "object_repr": "Order #10 - None", "action_flag": 3, "change_message": ""}}, {"model": "admin.logentry", "pk": 140, "fields": {"action_time": "2023-09-30T07:21:43.770Z", "user": 1, "content_type": 17, "object_id": "9", "object_repr": "Order #9 - None", "action_flag": 3, "change_message": ""}}, {"model": "admin.logentry", "pk": 141, "fields": {"action_time": "2023-09-30T07:21:43.798Z", "user": 1, "content_type": 17, "object_id": "8", "object_repr": "Order #8 - None", "action_flag": 3, "change_message": ""}}, {"model": "admin.logentry", "pk": 142, "fields": {"action_time": "2023-09-30T10:12:55.453Z", "user": 1, "content_type": 17, "object_id": "18", "object_repr": "Order #18 - None", "action_flag": 3, "change_message": ""}}, {"model": "admin.logentry", "pk": 143, "fields": {"action_time": "2023-09-30T10:12:55.465Z", "user": 1, "content_type": 17, "object_id": "17", "object_repr": "Order #17 - None", "action_flag": 3, "change_message": ""}}, {"model": "admin.logentry", "pk": 144, "fields": {"action_time": "2023-09-30T10:12:55.487Z", "user": 1, "content_type": 17, "object_id": "16", "object_repr": "Order #16 - None", "action_flag": 3, "change_message": ""}}, {"model": "admin.logentry", "pk": 145, "fields": {"action_time": "2023-09-30T10:12:55.502Z", "user": 1, "content_type": 17, "object_id": "15", "object_repr": "Order #15 - None", "action_flag": 3, "change_message": ""}}, {"model": "admin.logentry", "pk": 146, "fields": {"action_time": "2023-09-30T10:12:55.514Z", "user": 1, "content_type": 17, "object_id": "14", "object_repr": "Order #14 - None", "action_flag": 3, "change_message": ""}}, {"model": "admin.logentry", "pk": 147, "fields": {"action_time": "2023-09-30T10:12:55.536Z", "user": 1, "content_type": 17, "object_id": "13", "object_repr": "Order #13 - None", "action_flag": 3, "change_message": ""}}, {"model": "admin.logentry", "pk": 148, "fields": {"action_time": "2023-09-30T10:12:55.555Z", "user": 1, "content_type": 17, "object_id": "12", "object_repr": "Order #12 - None", "action_flag": 3, "change_message": ""}}, {"model": "admin.logentry", "pk": 149, "fields": {"action_time": "2023-10-04T10:15:04.904Z", "user": 1, "content_type": 17, "object_id": "25", "object_repr": "Order #25 - None", "action_flag": 2, "change_message": "[{\"changed\": {\"fields\": [\"Status\"]}}]"}}, {"model": "admin.logentry", "pk": 150, "fields": {"action_time": "2023-10-04T12:01:11.900Z", "user": 1, "content_type": 17, "object_id": "26", "object_repr": "Order #26 - POPPI BOLT PENDANT - SILVER", "action_flag": 2, "change_message": "[{\"changed\": {\"fields\": [\"Product\"]}}]"}}, {"model": "admin.logentry", "pk": 151, "fields": {"action_time": "2023-10-04T13:29:27.169Z", "user": 1, "content_type": 11, "object_id": "27", "object_repr": "d", "action_flag": 2, "change_message": "[{\"changed\": {\"fields\": [\"Is deleted\"]}}]"}}, {"model": "admin.logentry", "pk": 152, "fields": {"action_time": "2023-10-04T13:29:44.452Z", "user": 1, "content_type": 11, "object_id": "24", "object_repr": "POPPI BOLT PENDANT - SILVER", "action_flag": 2, "change_message": "[{\"changed\": {\"fields\": [\"Is deleted\"]}}]"}}, {"model": "admin.logentry", "pk": 153, "fields": {"action_time": "2023-10-04T13:41:20.189Z", "user": 1, "content_type": 11, "object_id": "28", "object_repr": "fff", "action_flag": 2, "change_message": "[{\"changed\": {\"fields\": [\"Product image\", \"Product information\"]}}, {\"added\": {\"name\": \"product_images\", \"object\": \"product_images object (40)\"}}, {\"added\": {\"name\": \"product_images\", \"object\": \"product_images object (41)\"}}, {\"added\": {\"name\": \"product_images\", \"object\": \"product_images object (42)\"}}, {\"changed\": {\"name\": \"add_description\", \"object\": \"add_description object (29)\", \"fields\": [\"Add description\"]}}]"}}, {"model": "admin.logentry", "pk": 154, "fields": {"action_time": "2023-10-04T13:49:18.931Z", "user": 1, "content_type": 11, "object_id": "29", "object_repr": "dsfgfbng", "action_flag": 2, "change_message": "[{\"changed\": {\"fields\": [\"Product image\", \"Product information\"]}}, {\"changed\": {\"name\": \"add_description\", \"object\": \"add_description object (30)\", \"fields\": [\"Add description\"]}}]"}}, {"model": "admin.logentry", "pk": 155, "fields": {"action_time": "2023-10-04T18:25:59.501Z", "user": 1, "content_type": 17, "object_id": "28", "object_repr": "Order #28 - None", "action_flag": 2, "change_message": "[{\"changed\": {\"fields\": [\"Status\"]}}]"}}, {"model": "admin.logentry", "pk": 156, "fields": {"action_time": "2023-10-05T04:59:18.647Z", "user": 1, "content_type": 18, "object_id": "35", "object_repr": "35", "action_flag": 3, "change_message": ""}}, {"model": "admin.logentry", "pk": 157, "fields": {"action_time": "2023-10-05T04:59:18.679Z", "user": 1, "content_type": 18, "object_id": "34", "object_repr": "34", "action_flag": 3, "change_message": ""}}, {"model": "admin.logentry", "pk": 158, "fields": {"action_time": "2023-10-05T04:59:18.695Z", "user": 1, "content_type": 18, "object_id": "33", "object_repr": "33", "action_flag": 3, "change_message": ""}}, {"model": "admin.logentry", "pk": 159, "fields": {"action_time": "2023-10-05T04:59:18.719Z", "user": 1, "content_type": 18, "object_id": "32", "object_repr": "32", "action_flag": 3, "change_message": ""}}, {"model": "admin.logentry", "pk": 160, "fields": {"action_time": "2023-10-05T04:59:18.736Z", "user": 1, "content_type": 18, "object_id": "31", "object_repr": "31", "action_flag": 3, "change_message": ""}}, {"model": "admin.logentry", "pk": 161, "fields": {"action_time": "2023-10-05T04:59:18.752Z", "user": 1, "content_type": 18, "object_id": "27", "object_repr": "27", "action_flag": 3, "change_message": ""}}, {"model": "admin.logentry", "pk": 162, "fields": {"action_time": "2023-10-05T04:59:18.776Z", "user": 1, "content_type": 18, "object_id": "23", "object_repr": "23", "action_flag": 3, "change_message": ""}}, {"model": "admin.logentry", "pk": 163, "fields": {"action_time": "2023-10-05T04:59:27.226Z", "user": 1, "content_type": 17, "object_id": "30", "object_repr": "Order #30 - LE CLEO  NECKLACE", "action_flag": 3, "change_message": ""}}, {"model": "admin.logentry", "pk": 164, "fields": {"action_time": "2023-10-05T04:59:27.242Z", "user": 1, "content_type": 17, "object_id": "29", "object_repr": "Order #29 - None", "action_flag": 3, "change_message": ""}}, {"model": "admin.logentry", "pk": 165, "fields": {"action_time": "2023-10-05T04:59:27.258Z", "user": 1, "content_type": 17, "object_id": "28", "object_repr": "Order #28 - None", "action_flag": 3, "change_message": ""}}, {"model": "admin.logentry", "pk": 166, "fields": {"action_time": "2023-10-05T04:59:27.282Z", "user": 1, "content_type": 17, "object_id": "26", "object_repr": "Order #26 - POPPI BOLT PENDANT - SILVER", "action_flag": 3, "change_message": ""}}, {"model": "admin.logentry", "pk": 167, "fields": {"action_time": "2023-10-05T04:59:27.298Z", "user": 1, "content_type": 17, "object_id": "23", "object_repr": "Order #23 - None", "action_flag": 3, "change_message": ""}}, {"model": "admin.logentry", "pk": 168, "fields": {"action_time": "2023-10-05T06:39:35.618Z", "user": 1, "content_type": 17, "object_id": "31", "object_repr": "Order #31 - ashvn@gmail.com", "action_flag": 2, "change_message": "[{\"changed\": {\"fields\": [\"Status\"]}}]"}}, {"model": "admin.logentry", "pk": 169, "fields": {"action_time": "2023-10-05T06:46:31.310Z", "user": 1, "content_type": 17, "object_id": "31", "object_repr": "Order #31 - ashvn@gmail.com", "action_flag": 2, "change_message": "[{\"changed\": {\"fields\": [\"Status\"]}}]"}}, {"model": "admin.logentry", "pk": 170, "fields": {"action_time": "2023-10-05T06:54:19.736Z", "user": 1, "content_type": 17, "object_id": "31", "object_repr": "Order #31 - ashvn@gmail.com", "action_flag": 2, "change_message": "[{\"changed\": {\"fields\": [\"Status\"]}}]"}}, {"model": "admin.logentry", "pk": 171, "fields": {"action_time": "2023-10-05T06:54:59.248Z", "user": 1, "content_type": 17, "object_id": "31", "object_repr": "Order #31 - ashvn@gmail.com", "action_flag": 2, "change_message": "[{\"changed\": {\"fields\": [\"Status\"]}}]"}}, {"model": "admin.logentry", "pk": 172, "fields": {"action_time": "2023-10-05T07:02:40.454Z", "user": 1, "content_type": 11, "object_id": "31", "object_repr": "fdfd", "action_flag": 3, "change_message": ""}}, {"model": "admin.logentry", "pk": 173, "fields": {"action_time": "2023-10-05T07:02:40.467Z", "user": 1, "content_type": 11, "object_id": "30", "object_repr": "dssds", "action_flag": 3, "change_message": ""}}, {"model": "admin.logentry", "pk": 174, "fields": {"action_time": "2023-10-05T07:02:40.483Z", "user": 1, "content_type": 11, "object_id": "29", "object_repr": "dsfgfbng", "action_flag": 3, "change_message": ""}}, {"model": "admin.logentry", "pk": 175, "fields": {"action_time": "2023-10-05T07:02:40.504Z", "user": 1, "content_type": 11, "object_id": "28", "object_repr": "fff", "action_flag": 3, "change_message": ""}}, {"model": "admin.logentry", "pk": 176, "fields": {"action_time": "2023-10-05T07:02:40.516Z", "user": 1, "content_type": 11, "object_id": "27", "object_repr": "d", "action_flag": 3, "change_message": ""}}, {"model": "admin.logentry", "pk": 177, "fields": {"action_time": "2023-10-09T10:50:00.740Z", "user": 1, "content_type": 20, "object_id": "1", "object_repr": "NEW40", "action_flag": 1, "change_message": "[{\"added\": {}}]"}}, {"model": "admin.logentry", "pk": 178, "fields": {"action_time": "2023-10-09T16:50:45.453Z", "user": 1, "content_type": 21, "object_id": "1", "object_repr": "NEW30", "action_flag": 1, "change_message": "[{\"added\": {}}]"}}, {"model": "admin.logentry", "pk": 179, "fields": {"action_time": "2023-10-09T18:13:13.114Z", "user": 1, "content_type": 21, "object_id": "4", "object_repr": "jh", "action_flag": 3, "change_message": ""}}, {"model": "admin.logentry", "pk": 180, "fields": {"action_time": "2023-10-09T18:13:13.131Z", "user": 1, "content_type": 21, "object_id": "3", "object_repr": "OFF30", "action_flag": 3, "change_message": ""}}, {"model": "admin.logentry", "pk": 181, "fields": {"action_time": "2023-10-10T08:27:34.934Z", "user": 1, "content_type": 16, "object_id": "1", "object_repr": "ashwin", "action_flag": 2, "change_message": "[{\"changed\": {\"fields\": [\"Addressline1\"]}}]"}}, {"model": "admin.logentry", "pk": 182, "fields": {"action_time": "2023-10-10T08:28:25.255Z", "user": 1, "content_type": 16, "object_id": "1", "object_repr": "ashwin", "action_flag": 2, "change_message": "[{\"changed\": {\"fields\": [\"Addressline1\"]}}]"}}, {"model": "admin.logentry", "pk": 183, "fields": {"action_time": "2023-10-10T08:30:59.700Z", "user": 1, "content_type": 16, "object_id": "1", "object_repr": "ashwin", "action_flag": 3, "change_message": ""}}, {"model": "admin.logentry", "pk": 184, "fields": {"action_time": "2023-10-10T09:13:54.887Z", "user": 1, "content_type": 11, "object_id": "24", "object_repr": "POPPI BOLT PENDANT - SILVER", "action_flag": 2, "change_message": "[{\"changed\": {\"fields\": [\"Price\"]}}]"}}, {"model": "admin.logentry", "pk": 185, "fields": {"action_time": "2023-10-10T09:14:19.586Z", "user": 1, "content_type": 11, "object_id": "24", "object_repr": "POPPI BOLT", "action_flag": 2, "change_message": "[{\"changed\": {\"fields\": [\"Product name\"]}}]"}}, {"model": "admin.logentry", "pk": 186, "fields": {"action_time": "2023-10-10T09:15:27.327Z", "user": 1, "content_type": 11, "object_id": "24", "object_repr": "POPPI BOLT PENDANT - SILVER", "action_flag": 2, "change_message": "[{\"changed\": {\"fields\": [\"Product name\", \"Price\"]}}]"}}, {"model": "admin.logentry", "pk": 187, "fields": {"action_time": "2023-10-12T15:07:33.068Z", "user": 1, "content_type": 24, "object_id": "4", "object_repr": "Wallet object (4)", "action_flag": 3, "change_message": ""}}, {"model": "admin.logentry", "pk": 188, "fields": {"action_time": "2023-10-12T15:07:33.082Z", "user": 1, "content_type": 24, "object_id": "3", "object_repr": "Wallet object (3)", "action_flag": 3, "change_message": ""}}, {"model": "admin.logentry", "pk": 189, "fields": {"action_time": "2023-10-12T15:07:33.095Z", "user": 1, "content_type": 24, "object_id": "2", "object_repr": "Wallet object (2)", "action_flag": 3, "change_message": ""}}, {"model": "admin.logentry", "pk": 190, "fields": {"action_time": "2023-10-12T15:07:33.122Z", "user": 1, "content_type": 24, "object_id": "1", "object_repr": "Wallet object (1)", "action_flag": 3, "change_message": ""}}, {"model": "admin.logentry", "pk": 191, "fields": {"action_time": "2023-10-12T18:20:41.667Z", "user": 1, "content_type": 24, "object_id": "8", "object_repr": "Wallet object (8)", "action_flag": 3, "change_message": ""}}, {"model": "admin.logentry", "pk": 192, "fields": {"action_time": "2023-10-12T18:20:41.678Z", "user": 1, "content_type": 24, "object_id": "7", "object_repr": "Wallet object (7)", "action_flag": 3, "change_message": ""}}, {"model": "admin.logentry", "pk": 193, "fields": {"action_time": "2023-10-12T18:20:41.691Z", "user": 1, "content_type": 24, "object_id": "6", "object_repr": "Wallet object (6)", "action_flag": 3, "change_message": ""}}, {"model": "admin.logentry", "pk": 194, "fields": {"action_time": "2023-10-12T18:29:47.519Z", "user": 1, "content_type": 24, "object_id": "5", "object_repr": "Wallet object (5)", "action_flag": 3, "change_message": ""}}, {"model": "admin.logentry", "pk": 195, "fields": {"action_time": "2023-10-13T10:44:50.414Z", "user": 1, "content_type": 11, "object_id": "27", "object_repr": "LE CLEO DEWDROP MULTILAYER NECKLACE", "action_flag": 1, "change_message": "[{\"added\": {}}, {\"added\": {\"name\": \"product_images\", \"object\": \"product_images object (43)\"}}, {\"added\": {\"name\": \"product_images\", \"object\": \"product_images object (44)\"}}, {\"added\": {\"name\": \"product_images\", \"object\": \"product_images object (45)\"}}, {\"added\": {\"name\": \"add_description\", \"object\": \"add_description object (33)\"}}]"}}, {"model": "admin.logentry", "pk": 196, "fields": {"action_time": "2023-10-13T12:05:16.958Z", "user": 1, "content_type": 11, "object_id": "28", "object_repr": "POPPI BOLT RING - SILVER", "action_flag": 1, "change_message": "[{\"added\": {}}, {\"added\": {\"name\": \"product_images\", \"object\": \"product_images object (46)\"}}, {\"added\": {\"name\": \"product_images\", \"object\": \"product_images object (47)\"}}, {\"added\": {\"name\": \"product_images\", \"object\": \"product_images object (48)\"}}, {\"added\": {\"name\": \"add_description\", \"object\": \"add_description object (34)\"}}]"}}, {"model": "admin.logentry", "pk": 197, "fields": {"action_time": "2023-10-13T12:07:38.910Z", "user": 1, "content_type": 11, "object_id": "24", "object_repr": "POPPI BOLT PENDANT - SILVER", "action_flag": 2, "change_message": "[{\"changed\": {\"fields\": [\"Categories\"]}}]"}}, {"model": "admin.logentry", "pk": 198, "fields": {"action_time": "2023-10-13T18:22:04.505Z", "user": 1, "content_type": 25, "object_id": "4", "object_repr": "Notification object (4)", "action_flag": 2, "change_message": "[{\"changed\": {\"fields\": [\"Type\"]}}]"}}, {"model": "admin.logentry", "pk": 199, "fields": {"action_time": "2023-10-16T07:52:31.570Z", "user": 1, "content_type": 24, "object_id": "21", "object_repr": "13149.00 True", "action_flag": 3, "change_message": ""}}, {"model": "admin.logentry", "pk": 200, "fields": {"action_time": "2023-10-16T07:52:31.580Z", "user": 1, "content_type": 24, "object_id": "20", "object_repr": "34749.00 True", "action_flag": 3, "change_message": ""}}, {"model": "admin.logentry", "pk": 201, "fields": {"action_time": "2023-10-16T07:52:31.592Z", "user": 1, "content_type": 24, "object_id": "19", "object_repr": "2649.00 True", "action_flag": 3, "change_message": ""}}, {"model": "admin.logentry", "pk": 202, "fields": {"action_time": "2023-10-16T07:52:31.620Z", "user": 1, "content_type": 24, "object_id": "18", "object_repr": "10519.20 True", "action_flag": 3, "change_message": ""}}, {"model": "admin.logentry", "pk": 203, "fields": {"action_time": "2023-10-16T07:52:31.630Z", "user": 1, "content_type": 24, "object_id": "17", "object_repr": "13149.00 True", "action_flag": 3, "change_message": ""}}, {"model": "admin.logentry", "pk": 204, "fields": {"action_time": "2023-10-16T07:52:31.648Z", "user": 1, "content_type": 24, "object_id": "16", "object_repr": "13149.00 True", "action_flag": 3, "change_message": ""}}, {"model": "admin.logentry", "pk": 205, "fields": {"action_time": "2023-10-16T07:52:31.664Z", "user": 1, "content_type": 24, "object_id": "15", "object_repr": "2649.00 True", "action_flag": 3, "change_message": ""}}, {"model": "admin.logentry", "pk": 206, "fields": {"action_time": "2023-10-16T07:52:31.692Z", "user": 1, "content_type": 24, "object_id": "14", "object_repr": "27799.20 True", "action_flag": 3, "change_message": ""}}, {"model": "admin.logentry", "pk": 207, "fields": {"action_time": "2023-10-16T07:52:31.705Z", "user": 1, "content_type": 24, "object_id": "13", "object_repr": "27799.20 True", "action_flag": 3, "change_message": ""}}, {"model": "admin.logentry", "pk": 208, "fields": {"action_time": "2023-10-16T07:52:31.714Z", "user": 1, "content_type": 24, "object_id": "12", "object_repr": "27799.20 True", "action_flag": 3, "change_message": ""}}, {"model": "admin.logentry", "pk": 209, "fields": {"action_time": "2023-10-16T07:52:31.743Z", "user": 1, "content_type": 24, "object_id": "11", "object_repr": "27799.20 True", "action_flag": 3, "change_message": ""}}, {"model": "admin.logentry", "pk": 210, "fields": {"action_time": "2023-10-16T07:52:31.756Z", "user": 1, "content_type": 24, "object_id": "10", "object_repr": "47748.00 True", "action_flag": 3, "change_message": ""}}, {"model": "admin.logentry", "pk": 211, "fields": {"action_time": "2023-10-16T07:52:31.778Z", "user": 1, "content_type": 24, "object_id": "9", "object_repr": "174194.40 True", "action_flag": 3, "change_message": ""}}, {"model": "admin.logentry", "pk": 212, "fields": {"action_time": "2023-10-16T07:53:13.031Z", "user": 1, "content_type": 17, "object_id": "116", "object_repr": "Order #116 - ashvn@gmail.com", "action_flag": 3, "change_message": ""}}, {"model": "admin.logentry", "pk": 213, "fields": {"action_time": "2023-10-16T07:53:13.046Z", "user": 1, "content_type": 17, "object_id": "115", "object_repr": "Order #115 - ashvn@gmail.com", "action_flag": 3, "change_message": ""}}, {"model": "admin.logentry", "pk": 214, "fields": {"action_time": "2023-10-16T07:53:13.069Z", "user": 1, "content_type": 17, "object_id": "114", "object_repr": "Order #114 - ashvn@gmail.com", "action_flag": 3, "change_message": ""}}, {"model": "admin.logentry", "pk": 215, "fields": {"action_time": "2023-10-16T07:53:13.084Z", "user": 1, "content_type": 17, "object_id": "113", "object_repr": "Order #113 - ashvn@gmail.com", "action_flag": 3, "change_message": ""}}, {"model": "admin.logentry", "pk": 216, "fields": {"action_time": "2023-10-16T07:53:13.095Z", "user": 1, "content_type": 17, "object_id": "112", "object_repr": "Order #112 - ashvn@gmail.com", "action_flag": 3, "change_message": ""}}, {"model": "admin.logentry", "pk": 217, "fields": {"action_time": "2023-10-16T07:53:13.117Z", "user": 1, "content_type": 17, "object_id": "111", "object_repr": "Order #111 - ashvn@gmail.com", "action_flag": 3, "change_message": ""}}, {"model": "admin.logentry", "pk": 218, "fields": {"action_time": "2023-10-16T07:53:13.136Z", "user": 1, "content_type": 17, "object_id": "110", "object_repr": "Order #110 - ashvn@gmail.com", "action_flag": 3, "change_message": ""}}, {"model": "admin.logentry", "pk": 219, "fields": {"action_time": "2023-10-16T07:53:13.147Z", "user": 1, "content_type": 17, "object_id": "109", "object_repr": "Order #109 - ashvn@gmail.com", "action_flag": 3, "change_message": ""}}, {"model": "admin.logentry", "pk": 220, "fields": {"action_time": "2023-10-16T07:53:13.176Z", "user": 1, "content_type": 17, "object_id": "108", "object_repr": "Order #108 - ashvn@gmail.com", "action_flag": 3, "change_message": ""}}, {"model": "admin.logentry", "pk": 221, "fields": {"action_time": "2023-10-16T07:53:13.186Z", "user": 1, "content_type": 17, "object_id": "107", "object_repr": "Order #107 - ashvn@gmail.com", "action_flag": 3, "change_message": ""}}, {"model": "admin.logentry", "pk": 222, "fields": {"action_time": "2023-10-16T07:53:13.196Z", "user": 1, "content_type": 17, "object_id": "106", "object_repr": "Order #106 - ashvn@gmail.com", "action_flag": 3, "change_message": ""}}, {"model": "admin.logentry", "pk": 223, "fields": {"action_time": "2023-10-16T07:53:13.223Z", "user": 1, "content_type": 17, "object_id": "105", "object_repr": "Order #105 - ashvn@gmail.com", "action_flag": 3, "change_message": ""}}, {"model": "admin.logentry", "pk": 224, "fields": {"action_time": "2023-10-16T07:53:13.232Z", "user": 1, "content_type": 17, "object_id": "104", "object_repr": "Order #104 - ashvn@gmail.com", "action_flag": 3, "change_message": ""}}, {"model": "admin.logentry", "pk": 225, "fields": {"action_time": "2023-10-16T07:53:13.249Z", "user": 1, "content_type": 17, "object_id": "103", "object_repr": "Order #103 - ashvn@gmail.com", "action_flag": 3, "change_message": ""}}, {"model": "admin.logentry", "pk": 226, "fields": {"action_time": "2023-10-16T07:53:13.271Z", "user": 1, "content_type": 17, "object_id": "102", "object_repr": "Order #102 - ashvn@gmail.com", "action_flag": 3, "change_message": ""}}, {"model": "admin.logentry", "pk": 227, "fields": {"action_time": "2023-10-16T07:53:13.281Z", "user": 1, "content_type": 17, "object_id": "101", "object_repr": "Order #101 - ashvn@gmail.com", "action_flag": 3, "change_message": ""}}, {"model": "admin.logentry", "pk": 228, "fields": {"action_time": "2023-10-16T07:53:13.299Z", "user": 1, "content_type": 17, "object_id": "100", "object_repr": "Order #100 - ashvn@gmail.com", "action_flag": 3, "change_message": ""}}, {"model": "admin.logentry", "pk": 229, "fields": {"action_time": "2023-10-16T07:53:13.323Z", "user": 1, "content_type": 17, "object_id": "99", "object_repr": "Order #99 - ashvn@gmail.com", "action_flag": 3, "change_message": ""}}, {"model": "admin.logentry", "pk": 230, "fields": {"action_time": "2023-10-16T07:53:13.333Z", "user": 1, "content_type": 17, "object_id": "98", "object_repr": "Order #98 - ashvn@gmail.com", "action_flag": 3, "change_message": ""}}, {"model": "admin.logentry", "pk": 231, "fields": {"action_time": "2023-10-16T07:53:13.356Z", "user": 1, "content_type": 17, "object_id": "97", "object_repr": "Order #97 - ashvn@gmail.com", "action_flag": 3, "change_message": ""}}, {"model": "admin.logentry", "pk": 232, "fields": {"action_time": "2023-10-16T07:53:13.374Z", "user": 1, "content_type": 17, "object_id": "96", "object_repr": "Order #96 - ashvn@gmail.com", "action_flag": 3, "change_message": ""}}, {"model": "admin.logentry", "pk": 233, "fields": {"action_time": "2023-10-16T07:53:13.387Z", "user": 1, "content_type": 17, "object_id": "95", "object_repr": "Order #95 - ashvn@gmail.com", "action_flag": 3, "change_message": ""}}, {"model": "admin.logentry", "pk": 234, "fields": {"action_time": "2023-10-16T07:53:13.414Z", "user": 1, "content_type": 17, "object_id": "94", "object_repr": "Order #94 - ashvn@gmail.com", "action_flag": 3, "change_message": ""}}, {"model": "admin.logentry", "pk": 235, "fields": {"action_time": "2023-10-16T07:53:13.428Z", "user": 1, "content_type": 17, "object_id": "93", "object_repr": "Order #93 - ashvn@gmail.com", "action_flag": 3, "change_message": ""}}, {"model": "admin.logentry", "pk": 236, "fields": {"action_time": "2023-10-16T07:53:13.440Z", "user": 1, "content_type": 17, "object_id": "92", "object_repr": "Order #92 - ashvn@gmail.com", "action_flag": 3, "change_message": ""}}, {"model": "admin.logentry", "pk": 237, "fields": {"action_time": "2023-10-16T07:53:13.467Z", "user": 1, "content_type": 17, "object_id": "91", "object_repr": "Order #91 - ashvn@gmail.com", "action_flag": 3, "change_message": ""}}, {"model": "admin.logentry", "pk": 238, "fields": {"action_time": "2023-10-16T07:53:13.486Z", "user": 1, "content_type": 17, "object_id": "90", "object_repr": "Order #90 - ashvn@gmail.com", "action_flag": 3, "change_message": ""}}, {"model": "admin.logentry", "pk": 239, "fields": {"action_time": "2023-10-16T07:53:13.496Z", "user": 1, "content_type": 17, "object_id": "89", "object_repr": "Order #89 - ashvn@gmail.com", "action_flag": 3, "change_message": ""}}, {"model": "admin.logentry", "pk": 240, "fields": {"action_time": "2023-10-16T07:53:13.523Z", "user": 1, "content_type": 17, "object_id": "88", "object_repr": "Order #88 - ashvn@gmail.com", "action_flag": 3, "change_message": ""}}, {"model": "admin.logentry", "pk": 241, "fields": {"action_time": "2023-10-16T07:53:13.534Z", "user": 1, "content_type": 17, "object_id": "87", "object_repr": "Order #87 - ashvn@gmail.com", "action_flag": 3, "change_message": ""}}, {"model": "admin.logentry", "pk": 242, "fields": {"action_time": "2023-10-16T07:53:13.547Z", "user": 1, "content_type": 17, "object_id": "86", "object_repr": "Order #86 - ashvn@gmail.com", "action_flag": 3, "change_message": ""}}, {"model": "admin.logentry", "pk": 243, "fields": {"action_time": "2023-10-16T07:53:13.576Z", "user": 1, "content_type": 17, "object_id": "85", "object_repr": "Order #85 - ashvn@gmail.com", "action_flag": 3, "change_message": ""}}, {"model": "admin.logentry", "pk": 244, "fields": {"action_time": "2023-10-16T07:53:13.586Z", "user": 1, "content_type": 17, "object_id": "84", "object_repr": "Order #84 - ashvn@gmail.com", "action_flag": 3, "change_message": ""}}, {"model": "admin.logentry", "pk": 245, "fields": {"action_time": "2023-10-16T07:53:13.607Z", "user": 1, "content_type": 17, "object_id": "83", "object_repr": "Order #83 - arj@gmail.com", "action_flag": 3, "change_message": ""}}, {"model": "admin.logentry", "pk": 246, "fields": {"action_time": "2023-10-16T07:53:13.622Z", "user": 1, "content_type": 17, "object_id": "82", "object_repr": "Order #82 - arj@gmail.com", "action_flag": 3, "change_message": ""}}, {"model": "admin.logentry", "pk": 247, "fields": {"action_time": "2023-10-16T07:53:13.632Z", "user": 1, "content_type": 17, "object_id": "81", "object_repr": "Order #81 - ashvn@gmail.com", "action_flag": 3, "change_message": ""}}, {"model": "admin.logentry", "pk": 248, "fields": {"action_time": "2023-10-16T07:53:13.656Z", "user": 1, "content_type": 17, "object_id": "80", "object_repr": "Order #80 - ashvn@gmail.com", "action_flag": 3, "change_message": ""}}, {"model": "admin.logentry", "pk": 249, "fields": {"action_time": "2023-10-16T07:53:13.670Z", "user": 1, "content_type": 17, "object_id": "79", "object_repr": "Order #79 - ashvn@gmail.com", "action_flag": 3, "change_message": ""}}, {"model": "admin.logentry", "pk": 250, "fields": {"action_time": "2023-10-16T07:53:13.679Z", "user": 1, "content_type": 17, "object_id": "78", "object_repr": "Order #78 - ashvn@gmail.com", "action_flag": 3, "change_message": ""}}, {"model": "admin.logentry", "pk": 251, "fields": {"action_time": "2023-10-16T07:53:13.706Z", "user": 1, "content_type": 17, "object_id": "77", "object_repr": "Order #77 - ashvn@gmail.com", "action_flag": 3, "change_message": ""}}, {"model": "admin.logentry", "pk": 252, "fields": {"action_time": "2023-10-16T07:53:13.714Z", "user": 1, "content_type": 17, "object_id": "76", "object_repr": "Order #76 - ashvn@gmail.com", "action_flag": 3, "change_message": ""}}, {"model": "admin.logentry", "pk": 253, "fields": {"action_time": "2023-10-16T07:53:13.726Z", "user": 1, "content_type": 17, "object_id": "75", "object_repr": "Order #75 - ashvn@gmail.com", "action_flag": 3, "change_message": ""}}, {"model": "admin.logentry", "pk": 254, "fields": {"action_time": "2023-10-16T07:53:13.741Z", "user": 1, "content_type": 17, "object_id": "74", "object_repr": "Order #74 - ashvn@gmail.com", "action_flag": 3, "change_message": ""}}, {"model": "admin.logentry", "pk": 255, "fields": {"action_time": "2023-10-16T07:53:13.750Z", "user": 1, "content_type": 17, "object_id": "73", "object_repr": "Order #73 - ashvn@gmail.com", "action_flag": 3, "change_message": ""}}, {"model": "admin.logentry", "pk": 256, "fields": {"action_time": "2023-10-16T07:53:13.772Z", "user": 1, "content_type": 17, "object_id": "72", "object_repr": "Order #72 - ashvn@gmail.com", "action_flag": 3, "change_message": ""}}, {"model": "admin.logentry", "pk": 257, "fields": {"action_time": "2023-10-16T07:53:13.789Z", "user": 1, "content_type": 17, "object_id": "71", "object_repr": "Order #71 - ashvn@gmail.com", "action_flag": 3, "change_message": ""}}, {"model": "admin.logentry", "pk": 258, "fields": {"action_time": "2023-10-16T07:53:13.797Z", "user": 1, "content_type": 17, "object_id": "70", "object_repr": "Order #70 - ashvn@gmail.com", "action_flag": 3, "change_message": ""}}, {"model": "admin.logentry", "pk": 259, "fields": {"action_time": "2023-10-16T07:53:13.827Z", "user": 1, "content_type": 17, "object_id": "69", "object_repr": "Order #69 - ashvn@gmail.com", "action_flag": 3, "change_message": ""}}, {"model": "admin.logentry", "pk": 260, "fields": {"action_time": "2023-10-16T07:53:13.849Z", "user": 1, "content_type": 17, "object_id": "68", "object_repr": "Order #68 - ashvn@gmail.com", "action_flag": 3, "change_message": ""}}, {"model": "admin.logentry", "pk": 261, "fields": {"action_time": "2023-10-16T07:53:13.867Z", "user": 1, "content_type": 17, "object_id": "67", "object_repr": "Order #67 - ashvn@gmail.com", "action_flag": 3, "change_message": ""}}, {"model": "admin.logentry", "pk": 262, "fields": {"action_time": "2023-10-16T07:53:13.877Z", "user": 1, "content_type": 17, "object_id": "66", "object_repr": "Order #66 - ashvn@gmail.com", "action_flag": 3, "change_message": ""}}, {"model": "admin.logentry", "pk": 263, "fields": {"action_time": "2023-10-16T07:53:13.905Z", "user": 1, "content_type": 17, "object_id": "65", "object_repr": "Order #65 - ashvn@gmail.com", "action_flag": 3, "change_message": ""}}, {"model": "admin.logentry", "pk": 264, "fields": {"action_time": "2023-10-16T07:53:13.923Z", "user": 1, "content_type": 17, "object_id": "64", "object_repr": "Order #64 - ashvn@gmail.com", "action_flag": 3, "change_message": ""}}, {"model": "admin.logentry", "pk": 265, "fields": {"action_time": "2023-10-16T07:53:13.932Z", "user": 1, "content_type": 17, "object_id": "63", "object_repr": "Order #63 - ashvn@gmail.com", "action_flag": 3, "change_message": ""}}, {"model": "admin.logentry", "pk": 266, "fields": {"action_time": "2023-10-16T07:53:13.959Z", "user": 1, "content_type": 17, "object_id": "62", "object_repr": "Order #62 - ashvn@gmail.com", "action_flag": 3, "change_message": ""}}, {"model": "admin.logentry", "pk": 267, "fields": {"action_time": "2023-10-16T07:53:13.970Z", "user": 1, "content_type": 17, "object_id": "61", "object_repr": "Order #61 - ashvn@gmail.com", "action_flag": 3, "change_message": ""}}, {"model": "admin.logentry", "pk": 268, "fields": {"action_time": "2023-10-16T07:53:13.981Z", "user": 1, "content_type": 17, "object_id": "60", "object_repr": "Order #60 - ashvn@gmail.com", "action_flag": 3, "change_message": ""}}, {"model": "admin.logentry", "pk": 269, "fields": {"action_time": "2023-10-16T07:53:14.004Z", "user": 1, "content_type": 17, "object_id": "59", "object_repr": "Order #59 - ashvn@gmail.com", "action_flag": 3, "change_message": ""}}, {"model": "admin.logentry", "pk": 270, "fields": {"action_time": "2023-10-16T07:53:14.027Z", "user": 1, "content_type": 17, "object_id": "58", "object_repr": "Order #58 - ashvn@gmail.com", "action_flag": 3, "change_message": ""}}, {"model": "admin.logentry", "pk": 271, "fields": {"action_time": "2023-10-16T07:53:14.042Z", "user": 1, "content_type": 17, "object_id": "57", "object_repr": "Order #57 - ashvn@gmail.com", "action_flag": 3, "change_message": ""}}, {"model": "admin.logentry", "pk": 272, "fields": {"action_time": "2023-10-16T07:53:14.074Z", "user": 1, "content_type": 17, "object_id": "56", "object_repr": "Order #56 - ashvn@gmail.com", "action_flag": 3, "change_message": ""}}, {"model": "admin.logentry", "pk": 273, "fields": {"action_time": "2023-10-16T07:53:14.096Z", "user": 1, "content_type": 17, "object_id": "55", "object_repr": "Order #55 - ashvn@gmail.com", "action_flag": 3, "change_message": ""}}, {"model": "admin.logentry", "pk": 274, "fields": {"action_time": "2023-10-16T07:53:14.108Z", "user": 1, "content_type": 17, "object_id": "54", "object_repr": "Order #54 - ashvn@gmail.com", "action_flag": 3, "change_message": ""}}, {"model": "admin.logentry", "pk": 275, "fields": {"action_time": "2023-10-16T07:53:14.125Z", "user": 1, "content_type": 17, "object_id": "53", "object_repr": "Order #53 - ashvn@gmail.com", "action_flag": 3, "change_message": ""}}, {"model": "admin.logentry", "pk": 276, "fields": {"action_time": "2023-10-16T07:53:14.146Z", "user": 1, "content_type": 17, "object_id": "52", "object_repr": "Order #52 - ashvn@gmail.com", "action_flag": 3, "change_message": ""}}, {"model": "admin.logentry", "pk": 277, "fields": {"action_time": "2023-10-16T07:53:14.158Z", "user": 1, "content_type": 17, "object_id": "51", "object_repr": "Order #51 - ashvn@gmail.com", "action_flag": 3, "change_message": ""}}, {"model": "admin.logentry", "pk": 278, "fields": {"action_time": "2023-10-16T07:53:14.180Z", "user": 1, "content_type": 17, "object_id": "50", "object_repr": "Order #50 - ashvn@gmail.com", "action_flag": 3, "change_message": ""}}, {"model": "admin.logentry", "pk": 279, "fields": {"action_time": "2023-10-16T07:53:14.190Z", "user": 1, "content_type": 17, "object_id": "49", "object_repr": "Order #49 - ashvn@gmail.com", "action_flag": 3, "change_message": ""}}, {"model": "admin.logentry", "pk": 280, "fields": {"action_time": "2023-10-16T07:53:14.205Z", "user": 1, "content_type": 17, "object_id": "48", "object_repr": "Order #48 - ashvn@gmail.com", "action_flag": 3, "change_message": ""}}, {"model": "admin.logentry", "pk": 281, "fields": {"action_time": "2023-10-16T07:53:14.224Z", "user": 1, "content_type": 17, "object_id": "47", "object_repr": "Order #47 - ashvn@gmail.com", "action_flag": 3, "change_message": ""}}, {"model": "admin.logentry", "pk": 282, "fields": {"action_time": "2023-10-16T07:53:14.233Z", "user": 1, "content_type": 17, "object_id": "46", "object_repr": "Order #46 - ashvn@gmail.com", "action_flag": 3, "change_message": ""}}, {"model": "admin.logentry", "pk": 283, "fields": {"action_time": "2023-10-16T07:53:14.262Z", "user": 1, "content_type": 17, "object_id": "45", "object_repr": "Order #45 - ashvn@gmail.com", "action_flag": 3, "change_message": ""}}, {"model": "admin.logentry", "pk": 284, "fields": {"action_time": "2023-10-16T07:53:14.277Z", "user": 1, "content_type": 17, "object_id": "44", "object_repr": "Order #44 - ashvn@gmail.com", "action_flag": 3, "change_message": ""}}, {"model": "admin.logentry", "pk": 285, "fields": {"action_time": "2023-10-16T07:53:14.286Z", "user": 1, "content_type": 17, "object_id": "41", "object_repr": "Order #41 - ashvn@gmail.com", "action_flag": 3, "change_message": ""}}, {"model": "admin.logentry", "pk": 286, "fields": {"action_time": "2023-10-16T07:53:14.313Z", "user": 1, "content_type": 17, "object_id": "39", "object_repr": "Order #39 - ashvn@gmail.com", "action_flag": 3, "change_message": ""}}, {"model": "admin.logentry", "pk": 287, "fields": {"action_time": "2023-10-16T07:53:14.326Z", "user": 1, "content_type": 17, "object_id": "35", "object_repr": "Order #35 - dev@gmail.com", "action_flag": 3, "change_message": ""}}, {"model": "admin.logentry", "pk": 288, "fields": {"action_time": "2023-10-16T07:53:14.336Z", "user": 1, "content_type": 17, "object_id": "34", "object_repr": "Order #34 - ashvn@gmail.com", "action_flag": 3, "change_message": ""}}, {"model": "admin.logentry", "pk": 289, "fields": {"action_time": "2023-10-16T07:53:14.364Z", "user": 1, "content_type": 17, "object_id": "33", "object_repr": "Order #33 - ashvn@gmail.com", "action_flag": 3, "change_message": ""}}, {"model": "admin.logentry", "pk": 290, "fields": {"action_time": "2023-10-16T07:53:14.377Z", "user": 1, "content_type": 17, "object_id": "32", "object_repr": "Order #32 - ashvn@gmail.com", "action_flag": 3, "change_message": ""}}, {"model": "admin.logentry", "pk": 291, "fields": {"action_time": "2023-10-16T07:53:14.387Z", "user": 1, "content_type": 17, "object_id": "31", "object_repr": "Order #31 - ashvn@gmail.com", "action_flag": 3, "change_message": ""}}, {"model": "admin.logentry", "pk": 292, "fields": {"action_time": "2023-10-16T09:52:51.852Z", "user": 1, "content_type": 11, "object_id": "29", "object_repr": "RING", "action_flag": 1, "change_message": "[{\"added\": {}}, {\"added\": {\"name\": \"product_images\", \"object\": \"product_images object (49)\"}}, {\"added\": {\"name\": \"product_images\", \"object\": \"product_images object (50)\"}}, {\"added\": {\"name\": \"product_images\", \"object\": \"product_images object (51)\"}}, {\"added\": {\"name\": \"add_description\", \"object\": \"add_description object (35)\"}}]"}}, {"model": "admin.logentry", "pk": 293, "fields": {"action_time": "2023-10-16T16:29:34.234Z", "user": 1, "content_type": 11, "object_id": "26", "object_repr": "POPPI BOLT RING - SILVER", "action_flag": 2, "change_message": "[{\"changed\": {\"fields\": [\"Is deleted\"]}}]"}}, {"model": "admin.logentry", "pk": 294, "fields": {"action_time": "2023-10-19T11:16:44.317Z", "user": 1, "content_type": 11, "object_id": "24", "object_repr": "POPPI BOLT PENDANT - SILVER", "action_flag": 2, "change_message": "[{\"changed\": {\"fields\": [\"Stock\"]}}]"}}, {"model": "admin.logentry", "pk": 295, "fields": {"action_time": "2023-10-20T14:26:40.205Z", "user": 1, "content_type": 11, "object_id": "24", "object_repr": "POPPI BOLT PENDANT - SILVER", "action_flag": 2, "change_message": "[{\"changed\": {\"fields\": [\"Stock\"]}}]"}}, {"model": "admin.logentry", "pk": 296, "fields": {"action_time": "2023-10-20T16:29:26.239Z", "user": 1, "content_type": 11, "object_id": "24", "object_repr": "POPPI BOLT PENDANT - SILVER", "action_flag": 2, "change_message": "[{\"changed\": {\"name\": \"add_description\", \"object\": \"add_description object (25)\", \"fields\": [\"Add description\"]}}]"}}, {"model": "admin.logentry", "pk": 297, "fields": {"action_time": "2023-10-21T04:03:24.560Z", "user": 1, "content_type": 26, "object_id": "1", "object_repr": "Feedback object (1)", "action_flag": 1, "change_message": "[{\"added\": {}}]"}}, {"model": "admin.logentry", "pk": 298, "fields": {"action_time": "2023-10-21T07:59:45.684Z", "user": 1, "content_type": 26, "object_id": "9", "object_repr": "Feedback object (9)", "action_flag": 3, "change_message": ""}}, {"model": "admin.logentry", "pk": 299, "fields": {"action_time": "2023-10-21T07:59:45.716Z", "user": 1, "content_type": 26, "object_id": "8", "object_repr": "Feedback object (8)", "action_flag": 3, "change_message": ""}}, {"model": "admin.logentry", "pk": 300, "fields": {"action_time": "2023-10-21T07:59:45.734Z", "user": 1, "content_type": 26, "object_id": "7", "object_repr": "Feedback object (7)", "action_flag": 3, "change_message": ""}}, {"model": "admin.logentry", "pk": 301, "fields": {"action_time": "2023-10-21T07:59:45.758Z", "user": 1, "content_type": 26, "object_id": "6", "object_repr": "Feedback object (6)", "action_flag": 3, "change_message": ""}}, {"model": "admin.logentry", "pk": 302, "fields": {"action_time": "2023-10-21T07:59:45.771Z", "user": 1, "content_type": 26, "object_id": "5", "object_repr": "Feedback object (5)", "action_flag": 3, "change_message": ""}}, {"model": "admin.logentry", "pk": 303, "fields": {"action_time": "2023-10-21T07:59:45.799Z", "user": 1, "content_type": 26, "object_id": "4", "object_repr": "Feedback object (4)", "action_flag": 3, "change_message": ""}}, {"model": "admin.logentry", "pk": 304, "fields": {"action_time": "2023-10-21T07:59:45.813Z", "user": 1, "content_type": 26, "object_id": "3", "object_repr": "Feedback object (3)", "action_flag": 3, "change_message": ""}}, {"model": "admin.logentry", "pk": 305, "fields": {"action_time": "2023-10-21T07:59:45.825Z", "user": 1, "content_type": 26, "object_id": "2", "object_repr": "Feedback object (2)", "action_flag": 3, "change_message": ""}}, {"model": "admin.logentry", "pk": 306, "fields": {"action_time": "2023-10-21T07:59:45.851Z", "user": 1, "content_type": 26, "object_id": "1", "object_repr": "Feedback object (1)", "action_flag": 3, "change_message": ""}}, {"model": "admin.logentry", "pk": 307, "fields": {"action_time": "2023-10-21T11:22:52.725Z", "user": 1, "content_type": 11, "object_id": "33", "object_repr": "POPPI PENDAN fefeff", "action_flag": 3, "change_message": ""}}, {"model": "admin.logentry", "pk": 308, "fields": {"action_time": "2023-10-21T11:22:52.737Z", "user": 1, "content_type": 11, "object_id": "32", "object_repr": "POPPI PENDAN fefeff", "action_flag": 3, "change_message": ""}}, {"model": "admin.logentry", "pk": 309, "fields": {"action_time": "2023-10-21T11:22:52.756Z", "user": 1, "content_type": 11, "object_id": "31", "object_repr": "POPPI PENDAN", "action_flag": 3, "change_message": ""}}, {"model": "admin.logentry", "pk": 310, "fields": {"action_time": "2023-10-21T11:22:52.776Z", "user": 1, "content_type": 11, "object_id": "30", "object_repr": "producttt", "action_flag": 3, "change_message": ""}}, {"model": "admin.logentry", "pk": 311, "fields": {"action_time": "2023-10-21T11:51:12.903Z", "user": 1, "content_type": 11, "object_id": "35", "object_repr": "POPPI BOLT PENDANT - SILVER", "action_flag": 3, "change_message": ""}}, {"model": "admin.logentry", "pk": 312, "fields": {"action_time": "2023-10-21T11:51:12.915Z", "user": 1, "content_type": 11, "object_id": "34", "object_repr": "POPPI PENDAN neclace", "action_flag": 3, "change_message": ""}}, {"model": "auth.permission", "pk": 1, "fields": {"name": "Can add log entry", "content_type": 1, "codename": "add_logentry"}}, {"model": "auth.permission", "pk": 2, "fields": {"name": "Can change log entry", "content_type": 1, "codename": "change_logentry"}}, {"model": "auth.permission", "pk": 3, "fields": {"name": "Can delete log entry", "content_type": 1, "codename": "delete_logentry"}}, {"model": "auth.permission", "pk": 4, "fields": {"name": "Can view log entry", "content_type": 1, "codename": "view_logentry"}}, {"model": "auth.permission", "pk": 5, "fields": {"name": "Can add permission", "content_type": 2, "codename": "add_permission"}}, {"model": "auth.permission", "pk": 6, "fields": {"name": "Can change permission", "content_type": 2, "codename": "change_permission"}}, {"model": "auth.permission", "pk": 7, "fields": {"name": "Can delete permission", "content_type": 2, "codename": "delete_permission"}}, {"model": "auth.permission", "pk": 8, "fields": {"name": "Can view permission", "content_type": 2, "codename": "view_permission"}}, {"model": "auth.permission", "pk": 9, "fields": {"name": "Can add group", "content_type": 3, "codename": "add_group"}}, {"model": "auth.permission", "pk": 10, "fields": {"name": "Can change group", "content_type": 3, "codename": "change_group"}}, {"model": "auth.permission", "pk": 11, "fields": {"name": "Can delete group", "content_type": 3, "codename": "delete_group"}}, {"model": "auth.permission", "pk": 12, "fields": {"name": "Can view group", "content_type": 3, "codename": "view_group"}}, {"model": "auth.permission", "pk": 13, "fields": {"name": "Can add content type", "content_type": 4, "codename": "add_contenttype"}}, {"model": "auth.permission", "pk": 14, "fields": {"name": "Can change content type", "content_type": 4, "codename": "change_contenttype"}}, {"model": "auth.permission", "pk": 15, "fields": {"name": "Can delete content type", "content_type": 4, "codename": "delete_contenttype"}}, {"model": "auth.permission", "pk": 16, "fields": {"name": "Can view content type", "content_type": 4, "codename": "view_contenttype"}}, {"model": "auth.permission", "pk": 17, "fields": {"name": "Can add session", "content_type": 5, "codename": "add_session"}}, {"model": "auth.permission", "pk": 18, "fields": {"name": "Can change session", "content_type": 5, "codename": "change_session"}}, {"model": "auth.permission", "pk": 19, "fields": {"name": "Can delete session", "content_type": 5, "codename": "delete_session"}}, {"model": "auth.permission", "pk": 20, "fields": {"name": "Can view session", "content_type": 5, "codename": "view_session"}}, {"model": "auth.permission", "pk": 21, "fields": {"name": "Can add custom user", "content_type": 6, "codename": "add_customuser"}}, {"model": "auth.permission", "pk": 22, "fields": {"name": "Can change custom user", "content_type": 6, "codename": "change_customuser"}}, {"model": "auth.permission", "pk": 23, "fields": {"name": "Can delete custom user", "content_type": 6, "codename": "delete_customuser"}}, {"model": "auth.permission", "pk": 24, "fields": {"name": "Can view custom user", "content_type": 6, "codename": "view_customuser"}}, {"model": "auth.permission", "pk": 25, "fields": {"name": "Can add main_category", "content_type": 7, "codename": "add_main_category"}}, {"model": "auth.permission", "pk": 26, "fields": {"name": "Can change main_category", "content_type": 7, "codename": "change_main_category"}}, {"model": "auth.permission", "pk": 27, "fields": {"name": "Can delete main_category", "content_type": 7, "codename": "delete_main_category"}}, {"model": "auth.permission", "pk": 28, "fields": {"name": "Can view main_category", "content_type": 7, "codename": "view_main_category"}}, {"model": "auth.permission", "pk": 29, "fields": {"name": "Can add sub_category", "content_type": 8, "codename": "add_sub_category"}}, {"model": "auth.permission", "pk": 30, "fields": {"name": "Can change sub_category", "content_type": 8, "codename": "change_sub_category"}}, {"model": "auth.permission", "pk": 31, "fields": {"name": "Can delete sub_category", "content_type": 8, "codename": "delete_sub_category"}}, {"model": "auth.permission", "pk": 32, "fields": {"name": "Can view sub_category", "content_type": 8, "codename": "view_sub_category"}}, {"model": "auth.permission", "pk": 33, "fields": {"name": "Can add category", "content_type": 9, "codename": "add_category"}}, {"model": "auth.permission", "pk": 34, "fields": {"name": "Can change category", "content_type": 9, "codename": "change_category"}}, {"model": "auth.permission", "pk": 35, "fields": {"name": "Can delete category", "content_type": 9, "codename": "delete_category"}}, {"model": "auth.permission", "pk": 36, "fields": {"name": "Can view category", "content_type": 9, "codename": "view_category"}}, {"model": "auth.permission", "pk": 37, "fields": {"name": "Can add add_description", "content_type": 10, "codename": "add_add_description"}}, {"model": "auth.permission", "pk": 38, "fields": {"name": "Can change add_description", "content_type": 10, "codename": "change_add_description"}}, {"model": "auth.permission", "pk": 39, "fields": {"name": "Can delete add_description", "content_type": 10, "codename": "delete_add_description"}}, {"model": "auth.permission", "pk": 40, "fields": {"name": "Can view add_description", "content_type": 10, "codename": "view_add_description"}}, {"model": "auth.permission", "pk": 41, "fields": {"name": "Can add product", "content_type": 11, "codename": "add_product"}}, {"model": "auth.permission", "pk": 42, "fields": {"name": "Can change product", "content_type": 11, "codename": "change_product"}}, {"model": "auth.permission", "pk": 43, "fields": {"name": "Can delete product", "content_type": 11, "codename": "delete_product"}}, {"model": "auth.permission", "pk": 44, "fields": {"name": "Can view product", "content_type": 11, "codename": "view_product"}}, {"model": "auth.permission", "pk": 45, "fields": {"name": "Can add product_images", "content_type": 12, "codename": "add_product_images"}}, {"model": "auth.permission", "pk": 46, "fields": {"name": "Can change product_images", "content_type": 12, "codename": "change_product_images"}}, {"model": "auth.permission", "pk": 47, "fields": {"name": "Can delete product_images", "content_type": 12, "codename": "delete_product_images"}}, {"model": "auth.permission", "pk": 48, "fields": {"name": "Can view product_images", "content_type": 12, "codename": "view_product_images"}}, {"model": "auth.permission", "pk": 49, "fields": {"name": "Can add section", "content_type": 13, "codename": "add_section"}}, {"model": "auth.permission", "pk": 50, "fields": {"name": "Can change section", "content_type": 13, "codename": "change_section"}}, {"model": "auth.permission", "pk": 51, "fields": {"name": "Can delete section", "content_type": 13, "codename": "delete_section"}}, {"model": "auth.permission", "pk": 52, "fields": {"name": "Can view section", "content_type": 13, "codename": "view_section"}}, {"model": "auth.permission", "pk": 53, "fields": {"name": "Can add cartitem", "content_type": 14, "codename": "add_cartitem"}}, {"model": "auth.permission", "pk": 54, "fields": {"name": "Can change cartitem", "content_type": 14, "codename": "change_cartitem"}}, {"model": "auth.permission", "pk": 55, "fields": {"name": "Can delete cartitem", "content_type": 14, "codename": "delete_cartitem"}}, {"model": "auth.permission", "pk": 56, "fields": {"name": "Can view cartitem", "content_type": 14, "codename": "view_cartitem"}}, {"model": "auth.permission", "pk": 57, "fields": {"name": "Can add cart", "content_type": 15, "codename": "add_cart"}}, {"model": "auth.permission", "pk": 58, "fields": {"name": "Can change cart", "content_type": 15, "codename": "change_cart"}}, {"model": "auth.permission", "pk": 59, "fields": {"name": "Can delete cart", "content_type": 15, "codename": "delete_cart"}}, {"model": "auth.permission", "pk": 60, "fields": {"name": "Can view cart", "content_type": 15, "codename": "view_cart"}}, {"model": "auth.permission", "pk": 61, "fields": {"name": "Can add address", "content_type": 16, "codename": "add_address"}}, {"model": "auth.permission", "pk": 62, "fields": {"name": "Can change address", "content_type": 16, "codename": "change_address"}}, {"model": "auth.permission", "pk": 63, "fields": {"name": "Can delete address", "content_type": 16, "codename": "delete_address"}}, {"model": "auth.permission", "pk": 64, "fields": {"name": "Can view address", "content_type": 16, "codename": "view_address"}}, {"model": "auth.permission", "pk": 65, "fields": {"name": "Can add order", "content_type": 17, "codename": "add_order"}}, {"model": "auth.permission", "pk": 66, "fields": {"name": "Can change order", "content_type": 17, "codename": "change_order"}}, {"model": "auth.permission", "pk": 67, "fields": {"name": "Can delete order", "content_type": 17, "codename": "delete_order"}}, {"model": "auth.permission", "pk": 68, "fields": {"name": "Can view order", "content_type": 17, "codename": "view_order"}}, {"model": "auth.permission", "pk": 69, "fields": {"name": "Can add order item", "content_type": 18, "codename": "add_orderitem"}}, {"model": "auth.permission", "pk": 70, "fields": {"name": "Can change order item", "content_type": 18, "codename": "change_orderitem"}}, {"model": "auth.permission", "pk": 71, "fields": {"name": "Can delete order item", "content_type": 18, "codename": "delete_orderitem"}}, {"model": "auth.permission", "pk": 72, "fields": {"name": "Can view order item", "content_type": 18, "codename": "view_orderitem"}}, {"model": "auth.permission", "pk": 73, "fields": {"name": "Can add wishlist", "content_type": 19, "codename": "add_wishlist"}}, {"model": "auth.permission", "pk": 74, "fields": {"name": "Can change wishlist", "content_type": 19, "codename": "change_wishlist"}}, {"model": "auth.permission", "pk": 75, "fields": {"name": "Can delete wishlist", "content_type": 19, "codename": "delete_wishlist"}}, {"model": "auth.permission", "pk": 76, "fields": {"name": "Can view wishlist", "content_type": 19, "codename": "view_wishlist"}}, {"model": "auth.permission", "pk": 77, "fields": {"name": "Can add copoun", "content_type": 20, "codename": "add_copoun"}}, {"model": "auth.permission", "pk": 78, "fields": {"name": "Can change copoun", "content_type": 20, "codename": "change_copoun"}}, {"model": "auth.permission", "pk": 79, "fields": {"name": "Can delete copoun", "content_type": 20, "codename": "delete_copoun"}}, {"model": "auth.permission", "pk": 80, "fields": {"name": "Can view copoun", "content_type": 20, "codename": "view_copoun"}}, {"model": "auth.permission", "pk": 81, "fields": {"name": "Can add coupon", "content_type": 21, "codename": "add_coupon"}}, {"model": "auth.permission", "pk": 82, "fields": {"name": "Can change coupon", "content_type": 21, "codename": "change_coupon"}}, {"model": "auth.permission", "pk": 83, "fields": {"name": "Can delete coupon", "content_type": 21, "codename": "delete_coupon"}}, {"model": "auth.permission", "pk": 84, "fields": {"name": "Can view coupon", "content_type": 21, "codename": "view_coupon"}}, {"model": "auth.permission", "pk": 85, "fields": {"name": "Can add used_coupon", "content_type": 22, "codename": "add_used_coupon"}}, {"model": "auth.permission", "pk": 86, "fields": {"name": "Can change used_coupon", "content_type": 22, "codename": "change_used_coupon"}}, {"model": "auth.permission", "pk": 87, "fields": {"name": "Can delete used_coupon", "content_type": 22, "codename": "delete_used_coupon"}}, {"model": "auth.permission", "pk": 88, "fields": {"name": "Can view used_coupon", "content_type": 22, "codename": "view_used_coupon"}}, {"model": "auth.permission", "pk": 89, "fields": {"name": "Can add payment", "content_type": 23, "codename": "add_payment"}}, {"model": "auth.permission", "pk": 90, "fields": {"name": "Can change payment", "content_type": 23, "codename": "change_payment"}}, {"model": "auth.permission", "pk": 91, "fields": {"name": "Can delete payment", "content_type": 23, "codename": "delete_payment"}}, {"model": "auth.permission", "pk": 92, "fields": {"name": "Can view payment", "content_type": 23, "codename": "view_payment"}}, {"model": "auth.permission", "pk": 93, "fields": {"name": "Can add wallet", "content_type": 24, "codename": "add_wallet"}}, {"model": "auth.permission", "pk": 94, "fields": {"name": "Can change wallet", "content_type": 24, "codename": "change_wallet"}}, {"model": "auth.permission", "pk": 95, "fields": {"name": "Can delete wallet", "content_type": 24, "codename": "delete_wallet"}}, {"model": "auth.permission", "pk": 96, "fields": {"name": "Can view wallet", "content_type": 24, "codename": "view_wallet"}}, {"model": "auth.permission", "pk": 97, "fields": {"name": "Can add notification", "content_type": 25, "codename": "add_notification"}}, {"model": "auth.permission", "pk": 98, "fields": {"name": "Can change notification", "content_type": 25, "codename": "change_notification"}}, {"model": "auth.permission", "pk": 99, "fields": {"name": "Can delete notification", "content_type": 25, "codename": "delete_notification"}}, {"model": "auth.permission", "pk": 100, "fields": {"name": "Can view notification", "content_type": 25, "codename": "view_notification"}}, {"model": "auth.permission", "pk": 101, "fields": {"name": "Can add feedback", "content_type": 26, "codename": "add_feedback"}}, {"model": "auth.permission", "pk": 102, "fields": {"name": "Can change feedback", "content_type": 26, "codename": "change_feedback"}}, {"model": "auth.permission", "pk": 103, "fields": {"name": "Can delete feedback", "content_type": 26, "codename": "delete_feedback"}}, {"model": "auth.permission", "pk": 104, "fields": {"name": "Can view feedback", "content_type": 26, "codename": "view_feedback"}}, {"model": "contenttypes.contenttype", "pk": 1, "fields": {"app_label": "admin", "model": "logentry"}}, {"model": "contenttypes.contenttype", "pk": 2, "fields": {"app_label": "auth", "model": "permission"}}, {"model": "contenttypes.contenttype", "pk": 3, "fields": {"app_label": "auth", "model": "group"}}, {"model": "contenttypes.contenttype", "pk": 4, "fields": {"app_label": "contenttypes", "model": "contenttype"}}, {"model": "contenttypes.contenttype", "pk": 5, "fields": {"app_label": "sessions", "model": "session"}}, {"model": "contenttypes.contenttype", "pk": 6, "fields": {"app_label": "user", "model": "customuser"}}, {"model": "contenttypes.contenttype", "pk": 7, "fields": {"app_label": "shop", "model": "main_category"}}, {"model": "contenttypes.contenttype", "pk": 8, "fields": {"app_label": "shop", "model": "sub_category"}}, {"model": "contenttypes.contenttype", "pk": 9, "fields": {"app_label": "shop", "model": "category"}}, {"model": "contenttypes.contenttype", "pk": 10, "fields": {"app_label": "shop", "model": "add_description"}}, {"model": "contenttypes.contenttype", "pk": 11, "fields": {"app_label": "shop", "model": "product"}}, {"model": "contenttypes.contenttype", "pk": 12, "fields": {"app_label": "shop", "model": "product_images"}}, {"model": "contenttypes.contenttype", "pk": 13, "fields": {"app_label": "shop", "model": "section"}}, {"model": "contenttypes.contenttype", "pk": 14, "fields": {"app_label": "shop", "model": "cartitem"}}, {"model": "contenttypes.contenttype", "pk": 15, "fields": {"app_label": "shop", "model": "cart"}}, {"model": "contenttypes.contenttype", "pk": 16, "fields": {"app_label": "shop", "model": "address"}}, {"model": "contenttypes.contenttype", "pk": 17, "fields": {"app_label": "shop", "model": "order"}}, {"model": "contenttypes.contenttype", "pk": 18, "fields": {"app_label": "shop", "model": "orderitem"}}, {"model": "contenttypes.contenttype", "pk": 19, "fields": {"app_label": "shop", "model": "wishlist"}}, {"model": "contenttypes.contenttype", "pk": 20, "fields": {"app_label": "shop", "model": "copoun"}}, {"model": "contenttypes.contenttype", "pk": 21, "fields": {"app_label": "shop", "model": "coupon"}}, {"model": "contenttypes.contenttype", "pk": 22, "fields": {"app_label": "shop", "model": "used_coupon"}}, {"model": "contenttypes.contenttype", "pk": 23, "fields": {"app_label": "shop", "model": "payment"}}, {"model": "contenttypes.contenttype", "pk": 24, "fields": {"app_label": "shop", "model": "wallet"}}, {"model": "contenttypes.contenttype", "pk": 25, "fields": {"app_label": "shop", "model": "notification"}}, {"model": "contenttypes.contenttype", "pk": 26, "fields": {"app_label": "shop", "model": "feedback"}}, {"model": "sessions.session", "pk": "06bhrmx1bpzrfh8ttl0hh0zy9x629iic", "fields": {"session_data": ".eJxVjksOwyAMRO_idYUoBQpZVd33DJGxyafNR0rIKsrdC1I22Y08z0-zA-GSoNqPG9S4pa7e1rjUPUMFd7jcAtIvTqXgL07tLGie0tIHURBxtqv4zByH98leBB2uXf5umDU1xMaT8ubJLhglvbUknfRI5uE1Km2d1GwVhqCCJHamiREtZiRL44j9kFVZ-GpLzltGOP4rd0Nu:1qo74s:KWrlqeWDILUzb7vQ-h4xFbKN4ptQtxlGNwiUbLR3oxE", "expire_date": "2023-10-18T18:58:34.521Z"}}, {"model": "sessions.session", "pk": "0c0i4ymmgy2ea1rdk5eviu18kbmvbmqc", "fields": {"session_data": ".eJxVjE0OwiAYBe_C2hBEQHDp3jOQ7wekaiAp7cp4d9uki3b7ZuZ9RYR5KnHuaYwDi5s4i9N-Q6B3qivgF9Rnk9TqNA4oV0VutMtH4_S5b-7hoEAvS52ZDWViG0gHe2WPVqvgHCmvApC9BAPaOK8MOw2IGhWxtzklcLAo4vcH87M4OQ:1qdT4k:dw1cAP3uN_GjS2j84TRZCK7A04p0UCMuHokPWhIa49U", "expire_date": "2023-09-19T10:14:26.647Z"}}, {"model": "sessions.session", "pk": "2ihwtdr8996bxivci0vw7rlklywh682q", "fields": {"session_data": ".eJxVjE0OwiAYBe_C2hBEQHDp3jOQ7wekaiAp7cp4d9uki3b7ZuZ9RYR5KnHuaYwDi5s4i9N-Q6B3qivgF9Rnk9TqNA4oV0VutMtH4_S5b-7hoEAvS52ZDWViG0gHe2WPVqvgHCmvApC9BAPaOK8MOw2IGhWxtzklcLAo4vcH87M4OQ:1qdjvn:coqA7MOyZfUeKry0rbn-PiU2yCooj_Jod88ma5PWbVo", "expire_date": "2023-09-20T04:14:19.350Z"}}, {"model": "sessions.session", "pk": "4rbey01s77q2410fgtzmy4k38lfcgykl", "fields": {"session_data": ".eJxVjE0OwiAYBe_C2hBEQHDp3jOQ7wekaiAp7cp4d9uki3b7ZuZ9RYR5KnHuaYwDi5s4i9N-Q6B3qivgF9Rnk9TqNA4oV0VutMtH4_S5b-7hoEAvS52ZDWViG0gHe2WPVqvgHCmvApC9BAPaOK8MOw2IGhWxtzklcLAo4vcH87M4OQ:1qe7F0:s20oF4fjw1AOXDbusKEXQJCpjISKaS1iLxmPE7OGydU", "expire_date": "2023-09-21T05:07:42.089Z"}}, {"model": "sessions.session", "pk": "4tffdbaijuy4s556yqarw9ny3zzfkh5r", "fields": {"session_data": ".eJxVjjkOgzAQRe8ydWThwQMOVZQ-Z0CDPQYSMBJLGsTdY6Q0lH97-js4nleo9uMGNW9rV2-LzHXvoQIDF69h95F4Bv7NsZ2Um-I69406K-qfLuo1eRme_-4F0PHSpbU0ASlnJ9ZlBbqgmXVZYCDrDWIuxDYTi5rJkZDOMylMGcR4Ei13gwkqI_dDQiXgNz7aU6U3Ixw_sdpEEQ:1quA7G:SWzbX1Uz8FpaBocaIkokkGCJKBrRkc_WPT7KtDPtUYU", "expire_date": "2023-11-04T11:26:02.132Z"}}, {"model": "sessions.session", "pk": "6vkcxev4n6l88qlk1mcvf6topgju25ku", "fields": {"session_data": ".eJxVjs1ugzAQhF8F7ZkCdmwCnNqoOURKA2qjXtFiL4Q2QMpPqyri3WtXkZJcVpqZnU9zBoX9CMkZuLB3GqivNSTChVPf6UmNuZX8RrfYECSQpVm2cVbpdu9k693z027vPDhvm-37-hVc-JqwHevxFxJmm7WyFcbjOIYbcoOV9f2GdI3-1a4GP53GQ2fWBAEX3g8VJ5hnF3I0dm5H_s8CAXdegeqTWhvoD2yrzlNdO_Z14dkX75IO3kun6bi6_N4BDjgcTJuKkssFKopUEHJVMkS2DHkpIy04X5DEKKCIM5RKkmSLgEKxLEloSYxiwQ2UGqyPBmWA3-1jZZVZ08D8B-sEd_E:1qqfQV:TzYneHNn5ydtZfF2cye9XuHv67mOouMuXpkPOGeUi5E", "expire_date": "2023-10-25T20:03:27.236Z"}}, {"model": "sessions.session", "pk": "6y4flwbq5exr33cvbgogc6ntje38phi0", "fields": {"session_data": "eyJjYXJ0ZGF0YSI6eyIyNCI6eyJpZCI6IjI0IiwicXR5IjoxfX0sInRvdGFsX2NhcnQiOjF9:1qlU1T:-BFRvn6IrDi8CYkP50EanLRvRnnf0n4BDJ9cyxBXoYQ", "expire_date": "2023-10-11T12:52:11.811Z"}}, {"model": "sessions.session", "pk": "azniy5adzr0sevquvexitrg0cb0c7aya", "fields": {"session_data": ".eJxVjE0OwiAYBe_C2hBEQHDp3jOQ7wekaiAp7cp4d9uki3b7ZuZ9RYR5KnHuaYwDi5s4i9N-Q6B3qivgF9Rnk9TqNA4oV0VutMtH4_S5b-7hoEAvS52ZDWViG0gHe2WPVqvgHCmvApC9BAPaOK8MOw2IGhWxtzklcLAo4vcH87M4OQ:1qdjqt:JQd2pdOru9S57V5ydyywOtcuAMKZoWFFsXZW9eh0hHA", "expire_date": "2023-09-20T04:09:15.963Z"}}, {"model": "sessions.session", "pk": "bxn24poepmcro8rd23jr7pj9ooam3gvj", "fields": {"session_data": "eyJjYXJ0ZGF0YSI6eyIyNyI6eyJpZCI6IjI3IiwicXR5IjoxfX0sInRvdGFsX2NhcnQiOjF9:1qlU0i:gkZop63gFciKcXhMG3edmTpvpPo9mmN6jK2LZ0a1L20", "expire_date": "2023-10-11T12:51:24.062Z"}}, {"model": "sessions.session", "pk": "c16lacnk4gn3z1a26mg2ubissa8ifswb", "fields": {"session_data": ".eJxVjEEOwiAQRe_C2pDCWKbj0n3PQAYGpGpoUtqV8e7apAvd_vfefynP21r81tLiJ1EXBer0uwWOj1R3IHeut1nHua7LFPSu6IM2Pc6SntfD_Tso3Mq3jo5yxiTYC4NYtghOEEKggWIiAIpokbvsukx2CM6dkzFGch-ZhUm9P_nsOHs:1qg86D:8SsJ9pp2-Am-xCRweOZbjtnxrOhYXjYcTrujB2kIAFI", "expire_date": "2023-09-26T18:26:57.754Z"}}, {"model": "sessions.session", "pk": "cjct8l841ftoe8mfvskdb5mffmtk4tif", "fields": {"session_data": ".eJxVjssOwiAQRf-FtSEwZVp0Zdz7Dc0AQ1ttIenDjfHfpUkXuryvk_sWLW1r324Lz-0QxEUYcfr1HPknpz0ID0pdlj6ndR6c3CvySBd5z4HH29H9A_S09GXNLgJW5Nl6VYOPmkg3NUS0wQBUjGQVW9CEHhl1pbg2TWQTkDWfDRQoTzSMBVWAr3TtdlXeTOLzBRTeQMU:1qlU7o:-BftnVU8xeZ5gXTwGCeJu1uh33u25dlrlRrBSOkMjYk", "expire_date": "2023-10-11T12:58:44.531Z"}}, {"model": "sessions.session", "pk": "d0dfbv4t6a2okc5r39pvk446myjgxa4z", "fields": {"session_data": ".eJxVjEEOwiAQRe_C2pDCWKbj0n3PQAYGpGpoUtqV8e7apAvd_vfefynP21r81tLiJ1EXBer0uwWOj1R3IHeut1nHua7LFPSu6IM2Pc6SntfD_Tso3Mq3jo5yxiTYC4NYtghOEEKggWIiAIpokbvsukx2CM6dkzFGch-ZhUm9P_nsOHs:1qdUrl:ksyXWhpXK5YI1BJ10XK0ZWrt2xFa05tKJPlvZy7UzxM", "expire_date": "2023-09-19T12:09:09.695Z"}}, {"model": "sessions.session", "pk": "dpgetuh98nrqox0idiy9y35udwfrjwex", "fields": {"session_data": ".eJxVjs1ugzAQhF8F7ZnyY2wCnNIiTqXtI6DFXsANmJSfRlXEuxdXkdJcVprZ2W_nChKnBbIrMGHnOtOkFWTchfM0qlUulZVM3LXBgSCDsnDysvhwnPcify2f8wJc-FrRLHr5gSy0eS1tMOIiTeEfb8DW-v5ASqN_t9vZv5BS2rRPhuSpR0neheozbJsLFa5LV9l6f4WAw4NXozyRsQv1iaYdPTmaZdK1ZyPebTt7b6Oi_uWWfQB0OHf7NdUNE9H-OZFBzGQTIoaHmDUiUZyxiAQmASUsRCEFiTAKKOaHhrgSFFLK2Q6lAXW_o3bgtzm2Vu1tBth-ASLxdxs:1qmXwy:nK5ynr4jvjSt4BZxPKSdVFgRQXvMSsH-GJ_ZDdYudOo", "expire_date": "2023-10-14T11:15:56.469Z"}}, {"model": "sessions.session", "pk": "hm5whffv4yjblg42wwm94yy4i1o6j6wd", "fields": {"session_data": ".eJxVjs1ugzAQhF8F7ZkCdmwCnNqoOURKA2qjXtFiL4Q2QMpPqyri3WtXkZJcVpqZnU9zBoX9CMkZuLB3GqivNSTChVPf6UmNuZX8RrfYECSQpVm2cVbpdu9k693z027vPDhvm-37-hVc-JqwHevxFxJmm7WyFcbjOIYbcoOV9f2GdI3-1a4GP53GQ2fWBAEX3g8VJ5hnF3I0dm5H_s8CAXdegeqTWhvoD2yrzlNdO_Z14dkX75IO3kun6bi6_N4BDjgcTJuKkssFKopUEHJVMkS2DHkpIy04X5DEKKCIM5RKkmSLgEKxLEloSYxiwQ2UGqyPBmWA3-1jZZVZ08D8B-sEd_E:1qqgEM:9wtl3XD0hFzsYdqJ1g0ZkPp8GCNpRnDhFMVdImNaRBI", "expire_date": "2023-10-25T20:54:58.062Z"}}, {"model": "sessions.session", "pk": "jo947vy5uxevqw92p9mtjcq7udwissyk", "fields": {"session_data": ".eJxVjksOwyAMRO_idYUoBQpZVd33DJGxyafNR0rIKsrdC1I22Y08z0-zA-GSoNqPG9S4pa7e1rjUPUMFd7jcAtIvTqXgL07tLGie0tIHURBxtqv4zByH98leBB2uXf5umDU1xMaT8ubJLhglvbUknfRI5uE1Km2d1GwVhqCCJHamiREtZiRL44j9kFVZ-GpLzltGOP4rd0Nu:1quAZz:L7v0S2gFv8u28Xg_UJigwY2XQ17Gw8HXjYlzvWBMUhE", "expire_date": "2023-11-04T11:55:43.722Z"}}, {"model": "sessions.session", "pk": "jwpk55ay13uufac1r88xv92wn2gq3ogd", "fields": {"session_data": ".eJxVjE0OwiAYBe_C2hBEQHDp3jOQ7wekaiAp7cp4d9uki3b7ZuZ9RYR5KnHuaYwDi5s4i9N-Q6B3qivgF9Rnk9TqNA4oV0VutMtH4_S5b-7hoEAvS52ZDWViG0gHe2WPVqvgHCmvApC9BAPaOK8MOw2IGhWxtzklcLAo4vcH87M4OQ:1qdk6Z:-JpRaOhLeLIMPcZWyGoSsUTxlhT9obPIvWojyHUv1-Q", "expire_date": "2023-09-20T04:25:27.740Z"}}, {"model": "sessions.session", "pk": "l08wqhacgiiyrpkm526d1z2v88xyg9l4", "fields": {"session_data": ".eJxVjMEOgjAQRP9lz6Qpa1tbjt79BrLdLYIaSAqcCP9uiRz0NMnMm7dBS-vSt-uccjsINFBD9dtF4lcaj0GeND4mxdO45CGqA1HnOqv7JOl9O9k_QU9zX96diOGOxQbGYK_io0UdnGPtdSC2l2AIjfPaiEOKEaNm8bZLiRwVpEiZ8gLNBmigqStA-w1XYt8_9F0_Hw:1ql7Ih:FbFEr5IOcEQjLfTAGjnSri9_mQCYRO7pr2PCVukPfOw", "expire_date": "2023-10-10T12:36:27.792Z"}}, {"model": "sessions.session", "pk": "lzd9gabelppsqrhp7y6sy4dyt187dpfr", "fields": {"session_data": "eyJjYXJ0Ijp7fX0:1qrW1B:kMvrvHQYPew97ZjOVzBor_sEW6U_Y6t2kR-EcHLqLvI", "expire_date": "2023-10-28T04:12:49.777Z"}}, {"model": "sessions.session", "pk": "mxwqryd9fl4bg701ddrxvwv0ifnvw5fl", "fields": {"session_data": ".eJxVjEEOwiAQRe_C2pDCWKbj0n3PQAYGpGpoUtqV8e7apAvd_vfefynP21r81tLiJ1EXBer0uwWOj1R3IHeut1nHua7LFPSu6IM2Pc6SntfD_Tso3Mq3jo5yxiTYC4NYtghOEEKggWIiAIpokbvsukx2CM6dkzFGch-ZhUm9P_nsOHs:1qdTUt:GHC0gqAaGKIbm9-PQ9uEPu-T4LJvDsyHZbcl6SIsFA8", "expire_date": "2023-09-19T10:41:27.742Z"}}, {"model": "sessions.session", "pk": "njhbhyw6y0681ryqmhusmmsb7hcreaao", "fields": {"session_data": ".eJxVjE0OwiAYBe_C2hBEQHDp3jOQ7wekaiAp7cp4d9uki3b7ZuZ9RYR5KnHuaYwDi5s4i9N-Q6B3qivgF9Rnk9TqNA4oV0VutMtH4_S5b-7hoEAvS52ZDWViG0gHe2WPVqvgHCmvApC9BAPaOK8MOw2IGhWxtzklcLAo4vcH87M4OQ:1qdkYn:luMXs_hvmMGZQtuBjsncFRYjSrKn1AIxRO30GmwqeTI", "expire_date": "2023-09-20T04:54:37.621Z"}}, {"model": "sessions.session", "pk": "oomyjfkjml3dc2s9g3mduvxn3s49p6ec", "fields": {"session_data": ".eJxVjs1ugzAQhF8F7ZkCdmwCnNqoOURKA2qjXtFiL4Q2QMpPqyri3WtXkZJcVpqZnU9zBoX9CMkZuLB3GqivNSTChVPf6UmNuZX8RrfYECSQpVm2cVbpdu9k693z027vPDhvm-37-hVc-JqwHevxFxJmm7WyFcbjOIYbcoOV9f2GdI3-1a4GP53GQ2fWBAEX3g8VJ5hnF3I0dm5H_s8CAXdegeqTWhvoD2yrzlNdO_Z14dkX75IO3kun6bi6_N4BDjgcTJuKkssFKopUEHJVMkS2DHkpIy04X5DEKKCIM5RKkmSLgEKxLEloSYxiwQ2UGqyPBmWA3-1jZZVZ08D8B-sEd_E:1qsiOg:cOW-oguYwIUSduAT9EnFA8X3R9ZDTcURTZ3UbTQMTcU", "expire_date": "2023-10-31T11:38:02.350Z"}}, {"model": "sessions.session", "pk": "y4h2otqmofqudxn0xtd0azyswyx26fwm", "fields": {"session_data": ".eJxVT1lrwkAQ_ithnk3cHLubzVMRShFsFVv6GmavGJvD5qAU8b93twjqyzDzXXxzBoXDBMUZEubnPJqh1lB0c9Ms4DT0elZT6ZGE3e4OWwMF7La73TpYbTcfwX799hKEwft68_m8hwV8z9hN9fQLRexttfJ6mgkBd6ktVh5etkbXuLzB1bjcztOhd2UEjeNSWERJFIYmiUWYUZmHMuUiRM4SyyWhGeHRj5EnuFwWUKLzlv6R_96QwAMmUX2ZzhP6iF3VR6rvpqGWkZdEV3aMXnttmtVV-xBwwPHg3Iowq4SMLaM0N4abPFMmlYxhpqRIc2ol1SLhSHJFCc8FI5ZSapVTUB2nLtS0WDcuCofjU-V316WFyx_QQoFi:1qlWrC:bo-Im1E_6HL-geOrk-eXj87XVxuyCNTGoA6b1053qBM", "expire_date": "2023-10-11T15:53:46.816Z"}}, {"model": "sessions.session", "pk": "z5fg9qydgvunegemsz6tfutni22bixww", "fields": {"session_data": ".eJxVjE0OwiAYBe_C2hBEQHDp3jOQ7wekaiAp7cp4d9uki3b7ZuZ9RYR5KnHuaYwDi5s4i9N-Q6B3qivgF9Rnk9TqNA4oV0VutMtH4_S5b-7hoEAvS52ZDWViG0gHe2WPVqvgHCmvApC9BAPaOK8MOw2IGhWxtzklcLAo4vcH87M4OQ:1qdjtD:FIjg9d1zpFXw79Gbr-JDnw1oE67RIXXQ4CyqZQsZ0SM", "expire_date": "2023-09-20T04:11:39.702Z"}}, {"model": "shop.main_category", "pk": 1, "fields": {"name": "Mens"}}, {"model": "shop.main_category", "pk": 2, "fields": {"name": "Women"}}, {"model": "shop.category", "pk": 2, "fields": {"maincat": 1, "name": "Gold"}}, {"model": "shop.category", "pk": 4, "fields": {"maincat": 1, "name": "Silver"}}, {"model": "shop.category", "pk": 5, "fields": {"maincat": 2, "name": "Diamond"}}, {"model": "shop.category", "pk": 6, "fields": {"maincat": 2, "name": "Gold"}}, {"model": "shop.category", "pk": 8, "fields": {"maincat": 2, "name": "Silver"}}, {"model": "shop.sub_category", "pk": 5, "fields": {"category": 2, "name": "Bracelet"}}, {"model": "shop.sub_category", "pk": 6, "fields": {"category": 2, "name": "Chain"}}, {"model": "shop.sub_category", "pk": 7, "fields": {"category": 2, "name": "Earring"}}, {"model": "shop.sub_category", "pk": 8, "fields": {"category": 4, "name": "Bracelet"}}, {"model": "shop.sub_category", "pk": 9, "fields": {"category": 4, "name": "Chain"}}, {"model": "shop.sub_category", "pk": 10, "fields": {"category": 4, "name": "Earring"}}, {"model": "shop.sub_category", "pk": 11, "fields": {"category": 5, "name": "Bracelet"}}, {"model": "shop.sub_category", "pk": 12, "fields": {"category": 5, "name": "Chain"}}, {"model": "shop.sub_category", "pk": 13, "fields": {"category": 5, "name": "Earring"}}, {"model": "shop.sub_category", "pk": 14, "fields": {"category": 6, "name": "Bracelet"}}, {"model": "shop.sub_category", "pk": 15, "fields": {"category": 6, "name": "Chain"}}, {"model": "shop.sub_category", "pk": 16, "fields": {"category": 6, "name": "Earring"}}, {"model": "shop.sub_category", "pk": 17, "fields": {"category": 8, "name": "Bracelet"}}, {"model": "shop.sub_category", "pk": 18, "fields": {"category": 8, "name": "Chain"}}, {"model": "shop.section", "pk": 1, "fields": {"name": "New products"}}, {"model": "shop.section", "pk": 3, "fields": {"name": "all"}}, {"model": "shop.product", "pk": 24, "fields": {"stock": 3, "product_image": "product_imgs/Outhouse0024.webp", "product_name": "POPPI BOLT PENDANT - SILVER", "price": 12999, "discount": null, "product_information": "<p>heloooo</p>", "categories": 13, "section": 1, "rating": null, "slug": "poppi-bolt-pendant-silver", "is_deleted": false}}, {"model": "shop.product", "pk": 25, "fields": {"stock": 0, "product_image": "product_imgs/wedding-necklace.webp", "product_name": "LE CLEO  NECKLACE", "price": 34599, "discount": null, "product_information": "<p>&nbsp;ccc</p>", "categories": 6, "section": 1, "rating": null, "slug": "le-cleo-necklace", "is_deleted": false}}, {"model": "shop.product", "pk": 26, "fields": {"stock": 0, "product_image": "product_imgs/Outhouse9511_9faab0ca-e219-45b8-b379-a762f7b05407.webp", "product_name": "POPPI BOLT RING - SILVER", "price": 5499, "discount": null, "product_information": "<p>dfdf</p>", "categories": 6, "section": 1, "rating": null, "slug": "poppi-bolt-ring-silver", "is_deleted": false}}, {"model": "shop.product", "pk": 27, "fields": {"stock": 1, "product_image": "product_imgs/OutHouse__1139_1000x1350_173108c4-b0e9-4bc6-a06e-821144e0d75a.webp", "product_name": "LE CLEO DEWDROP MULTILAYER NECKLACE", "price": 45999, "discount": 20, "product_information": "<p>dgfghj</p>", "categories": 15, "section": 1, "rating": null, "slug": "le-cleo-dewdrop-multilayer-necklace", "is_deleted": false}}, {"model": "shop.product", "pk": 28, "fields": {"stock": 0, "product_image": "product_imgs/mens-silver-bolt-ring.webp", "product_name": "POPPI BOLT RING - SILVER", "price": 2499, "discount": null, "product_information": "<p>gfdhgf</p>", "categories": 10, "section": 1, "rating": null, "slug": "poppi-bolt-ring-silver-26", "is_deleted": false}}, {"model": "shop.product", "pk": 29, "fields": {"stock": 6, "product_image": "product_imgs/mens-modern-silver-ring_EaXN1ew.webp", "product_name": "RING", "price": 3500, "discount": null, "product_information": "<p>dwdwd</p>", "categories": 8, "section": 1, "rating": null, "slug": "ring", "is_deleted": false}}, {"model": "shop.product_images", "pk": 30, "fields": {"product": 24, "images": "product_imgs/Outhouse0033.webp"}}, {"model": "shop.product_images", "pk": 31, "fields": {"product": 24, "images": "product_imgs/Free-Fall-Earrings_df8fad4f-4984-42b2-858e-7f1b88d99bd3.webp"}}, {"model": "shop.product_images", "pk": 32, "fields": {"product": 24, "images": "product_imgs/Free-Fall-Earrings-In-Silver.webp"}}, {"model": "shop.product_images", "pk": 33, "fields": {"product": 25, "images": "product_imgs/OUTHOUSElot230.webp"}}, {"model": "shop.product_images", "pk": 34, "fields": {"product": 25, "images": "product_imgs/asth.webp"}}, {"model": "shop.product_images", "pk": 35, "fields": {"product": 25, "images": "product_imgs/OUTHOUSElot230_1.webp"}}, {"model": "shop.product_images", "pk": 36, "fields": {"product": 26, "images": "product_imgs/jULY-10-OUTHOUSEB300319.webp"}}, {"model": "shop.product_images", "pk": 37, "fields": {"product": 26, "images": "product_imgs/woman-wearing-thai-clothes-hands-touching-her-face_1150-18731.jpg"}}, {"model": "shop.product_images", "pk": 38, "fields": {"product": 26, "images": "product_imgs/Outhouse9511_9faab0ca-e219-45b8-b379-a762f7b05407_WJWkyzb.webp"}}, {"model": "shop.product_images", "pk": 43, "fields": {"product": 27, "images": "product_imgs/01-02-23OUTHOUSE1520.webp"}}, {"model": "shop.product_images", "pk": 44, "fields": {"product": 27, "images": "product_imgs/01-02-23OUTHOUSE1517.webp"}}, {"model": "shop.product_images", "pk": 45, "fields": {"product": 27, "images": "product_imgs/01-02-23OUTHOUSE1521.webp"}}, {"model": "shop.product_images", "pk": 46, "fields": {"product": 28, "images": "product_imgs/mens-bolt-drop-necklace-in-silver.jpg"}}, {"model": "shop.product_images", "pk": 47, "fields": {"product": 28, "images": "product_imgs/mens-modern-silver-ring_Gmz3vhY.webp"}}, {"model": "shop.product_images", "pk": 48, "fields": {"product": 28, "images": "product_imgs/mens-designer-silver-necklace.webp"}}, {"model": "shop.product_images", "pk": 49, "fields": {"product": 29, "images": "product_imgs/Mens-Thick-Rings_bxOmt9t.webp"}}, {"model": "shop.product_images", "pk": 50, "fields": {"product": 29, "images": "product_imgs/mens-designer-silver-ring.webp"}}, {"model": "shop.product_images", "pk": 51, "fields": {"product": 29, "images": "product_imgs/mens-silver-bolt-ring_NwxjSyK.webp"}}, {"model": "shop.add_description", "pk": 25, "fields": {"product": 24, "add_description": "<p>gggghgfjghjkjkhgcvbnmbv</p>"}}, {"model": "shop.add_description", "pk": 26, "fields": {"product": 25, "add_description": "<p>rr</p>"}}, {"model": "shop.add_description", "pk": 27, "fields": {"product": 26, "add_description": "<p>feff</p>"}}, {"model": "shop.add_description", "pk": 33, "fields": {"product": 27, "add_description": "<p>fdhg</p>"}}, {"model": "shop.add_description", "pk": 34, "fields": {"product": 28, "add_description": "<p>fhvvj</p>"}}, {"model": "shop.add_description", "pk": 35, "fields": {"product": 29, "add_description": "<p>www</p>"}}, {"model": "shop.address", "pk": 5, "fields": {"user": 2, "first_name": "Arjun", "last_name": "m", "email": "arjun@gmail.com", "phoneNumber": "886346753", "addressline1": "'HustleHub', Hsr Layout, Bangalore", "addressline2": "", "city": "bangalore", "state": "karnataka", "country": "india", "pin": "747", "is_deleted": false}}, {"model": "shop.address", "pk": 7, "fields": {"user": 2, "first_name": "arjjj", "last_name": "mm", "email": "arjj@gmail.com", "phoneNumber": "7633674", "addressline1": "'bangalore'", "addressline2": "", "city": "bangalore", "state": "karnataka", "country": "India", "pin": "6536", "is_deleted": false}}, {"model": "shop.address", "pk": 8, "fields": {"user": 24, "first_name": "chanjal", "last_name": "dhanu", "email": "chanjal@gmail.com", "phoneNumber": "567899876", "addressline1": "BTM,bangalore", "addressline2": "", "city": "bangalore", "state": "karnataka", "country": "india", "pin": "", "is_deleted": false}}, {"model": "shop.address", "pk": 15, "fields": {"user": 4, "first_name": "Ashwin", "last_name": "VK", "email": "ashwin@gmail.com", "phoneNumber": "08891591396", "addressline1": "'Sri Sai Pg ' ,HSR Layout, Sector-2,Bangalore", "addressline2": "", "city": "Bangalore", "state": "karnataka", "country": "India", "pin": "567197", "is_deleted": false}}, {"model": "shop.address", "pk": 20, "fields": {"user": 4, "first_name": "sahad", "last_name": "mp", "email": "sahad@gmail.com", "phoneNumber": "09961898767", "addressline1": "'Sri Sai' ,HSR Layout, Sector-2", "addressline2": "", "city": "Bangalore", "state": "karnataka", "country": "India", "pin": "567197", "is_deleted": false}}, {"model": "shop.address", "pk": 21, "fields": {"user": 25, "first_name": "Ashwin", "last_name": "VK", "email": "ashw@gmail.com", "phoneNumber": "08891591396", "addressline1": "'Sri Sai' ,HSR Layout, Sector-2", "addressline2": "", "city": "Bangalore", "state": "karnataka", "country": "India", "pin": "355", "is_deleted": false}}, {"model": "shop.address", "pk": 22, "fields": {"user": 28, "first_name": "ashwin", "last_name": "vk", "email": "ashvn@gmail.com", "phoneNumber": "08891591396", "addressline1": "'Sri Sai' ,HSR Layout, Sector-2", "addressline2": "", "city": "Bangalore", "state": "karnataka", "country": "India", "pin": "0", "is_deleted": false}}, {"model": "shop.order", "pk": 117, "fields": {"user": 4, "address": 15, "product": 25, "amount": "80748", "payment_type": "cash", "status": "cancelled", "quantity": 2, "image": "", "date": "2023-10-16", "payment_id": null, "coupon": null, "paid": false}}, {"model": "shop.order", "pk": 118, "fields": {"user": 4, "address": 20, "product": 24, "amount": "10519.2", "payment_type": "cash", "status": "completed", "quantity": 1, "image": "", "date": "2023-10-16", "payment_id": null, "coupon": "2629.8", "paid": false}}, {"model": "shop.order", "pk": 119, "fields": {"user": 4, "address": 20, "product": 28, "amount": "37248", "payment_type": "Razorpay", "status": "cancelled", "quantity": 2, "image": "", "date": "2023-10-16", "payment_id": null, "coupon": null, "paid": false}}, {"model": "shop.order", "pk": 120, "fields": {"user": 4, "address": 20, "product": 28, "amount": "2119.2", "payment_type": "Razorpay", "status": "cancelled", "quantity": 1, "image": "", "date": "2023-10-16", "payment_id": null, "coupon": "2649", "paid": false}}, {"model": "shop.order", "pk": 121, "fields": {"user": 2, "address": 5, "product": 24, "amount": "13149", "payment_type": "Razorpay", "status": "cancelled", "quantity": 1, "image": "", "date": "2023-10-16", "payment_id": null, "coupon": null, "paid": false}}, {"model": "shop.order", "pk": 122, "fields": {"user": 4, "address": 15, "product": 26, "amount": "11148", "payment_type": "Razorpay", "status": "cancelled", "quantity": 1, "image": "", "date": "2023-10-17", "payment_id": null, "coupon": null, "paid": false}}, {"model": "shop.order", "pk": 123, "fields": {"user": 4, "address": 15, "product": 26, "amount": "40248", "payment_type": "Razorpay", "status": "delivered", "quantity": 2, "image": "", "date": "2023-10-19", "payment_id": null, "coupon": null, "paid": false}}, {"model": "shop.order", "pk": 124, "fields": {"user": 4, "address": 15, "product": 24, "amount": "13149", "payment_type": "Razorpay", "status": "delivered", "quantity": 1, "image": "", "date": "2023-10-21", "payment_id": null, "coupon": null, "paid": false}}, {"model": "shop.order", "pk": 125, "fields": {"user": 28, "address": 22, "product": 24, "amount": "13149", "payment_type": "Razorpay", "status": "cancelled", "quantity": 1, "image": "", "date": "2023-10-21", "payment_id": null, "coupon": null, "paid": false}}, {"model": "shop.order", "pk": 126, "fields": {"user": 28, "address": 22, "product": 26, "amount": "4519.2", "payment_type": "Razorpay", "status": "pending", "quantity": 1, "image": "", "date": "2023-10-21", "payment_id": null, "coupon": "5649", "paid": false}}, {"model": "shop.orderitem", "pk": 118, "fields": {"order": 117, "product": 27, "quantity": 1, "image": "/media/product_imgs/OutHouse__1139_1000x1350_173108c4-b0e9-4bc6-a06e-821144e0d75a.webp"}}, {"model": "shop.orderitem", "pk": 119, "fields": {"order": 117, "product": 25, "quantity": 1, "image": "/media/product_imgs/wedding-necklace.webp"}}, {"model": "shop.orderitem", "pk": 120, "fields": {"order": 118, "product": 24, "quantity": 1, "image": "/media/product_imgs/Outhouse0024.webp"}}, {"model": "shop.orderitem", "pk": 121, "fields": {"order": 119, "product": 25, "quantity": 1, "image": "/media/product_imgs/wedding-necklace.webp"}}, {"model": "shop.orderitem", "pk": 122, "fields": {"order": 119, "product": 28, "quantity": 1, "image": "/media/product_imgs/mens-silver-bolt-ring.webp"}}, {"model": "shop.orderitem", "pk": 123, "fields": {"order": 120, "product": 28, "quantity": 1, "image": "/media/product_imgs/mens-silver-bolt-ring.webp"}}, {"model": "shop.orderitem", "pk": 124, "fields": {"order": 121, "product": 24, "quantity": 1, "image": "/media/product_imgs/Outhouse0024.webp"}}, {"model": "shop.orderitem", "pk": 125, "fields": {"order": 122, "product": 26, "quantity": 2, "image": "/media/product_imgs/Outhouse9511_9faab0ca-e219-45b8-b379-a762f7b05407.webp"}}, {"model": "shop.orderitem", "pk": 126, "fields": {"order": 123, "product": 25, "quantity": 1, "image": "/media/product_imgs/wedding-necklace.webp"}}, {"model": "shop.orderitem", "pk": 127, "fields": {"order": 123, "product": 26, "quantity": 1, "image": "/media/product_imgs/Outhouse9511_9faab0ca-e219-45b8-b379-a762f7b05407.webp"}}, {"model": "shop.orderitem", "pk": 128, "fields": {"order": 124, "product": 24, "quantity": 1, "image": "/media/product_imgs/Outhouse0024.webp"}}, {"model": "shop.orderitem", "pk": 129, "fields": {"order": 125, "product": 24, "quantity": 1, "image": "/media/product_imgs/Outhouse0024.webp"}}, {"model": "shop.orderitem", "pk": 130, "fields": {"order": 126, "product": 26, "quantity": 1, "image": "/media/product_imgs/Outhouse9511_9faab0ca-e219-45b8-b379-a762f7b05407.webp"}}, {"model": "shop.wishlist", "pk": 4, "fields": {"user": 2, "product": 25}}, {"model": "shop.wishlist", "pk": 5, "fields": {"user": 2, "product": 24}}, {"model": "shop.wishlist", "pk": 11, "fields": {"user": 4, "product": 24}}, {"model": "shop.coupon", "pk": 1, "fields": {"code": "NEW30", "discount": 30, "start_date": "2023-10-09", "end_date": "2023-10-31", "is_active": true}}, {"model": "shop.coupon", "pk": 2, "fields": {"code": "OFF20", "discount": 20, "start_date": "2023-10-10", "end_date": "2023-10-24", "is_active": true}}, {"model": "shop.coupon", "pk": 5, "fields": {"code": "FESTIV50", "discount": 50, "start_date": "2023-10-09", "end_date": "2023-10-10", "is_active": true}}, {"model": "shop.coupon", "pk": 6, "fields": {"code": "OFF30", "discount": -100, "start_date": "2023-10-13", "end_date": "2023-10-20", "is_active": false}}, {"model": "shop.payment", "pk": 29, "fields": {"order": 119, "created_at": "2023-10-16T07:55:27.343Z", "amount": "37248.00", "razor_pay_order_id": "pay_Monrh45LjBRzcn", "razor_pay_payment_id": "order_MonrFUIJ2ycYC2", "razor_pay_payment_signature": "d91f85f32c444930552ecd9fe199ccb3593136ee0b31bb8594b1aaf02be37e2b"}}, {"model": "shop.payment", "pk": 30, "fields": {"order": 120, "created_at": "2023-10-16T07:56:19.833Z", "amount": "2119.20", "razor_pay_order_id": "pay_MonscQAw9WoFdz", "razor_pay_payment_id": "order_MonsHEyz3CB6Al", "razor_pay_payment_signature": "6e8a9706f82a34f29b356a95e50d6f8388516d7ce322c341190e19a681780ec8"}}, {"model": "shop.payment", "pk": 31, "fields": {"order": 121, "created_at": "2023-10-16T08:04:21.565Z", "amount": "13149.00", "razor_pay_order_id": "pay_Moo16C1dhMNRvU", "razor_pay_payment_id": "order_Moo0gF5NDHrrin", "razor_pay_payment_signature": "0be8675acaafee454467991cbc21be02a0810ca8cd067271e9e9a70c8aa9e092"}}, {"model": "shop.payment", "pk": 32, "fields": {"order": 122, "created_at": "2023-10-17T09:23:34.056Z", "amount": "11148.00", "razor_pay_order_id": "pay_MpDttaZEj12qtM", "razor_pay_payment_id": "order_MpDtUAuqvWjmUI", "razor_pay_payment_signature": "190a008fe72fd30a5b08a7ab1ed7aa6138d1fbac7fce0a788c26ce3cea2ee56c"}}, {"model": "shop.payment", "pk": 33, "fields": {"order": 123, "created_at": "2023-10-19T06:38:41.429Z", "amount": "40248.00", "razor_pay_order_id": "pay_Mpy9yv5t2XYJSP", "razor_pay_payment_id": "order_Mpy8nDIio3bVE2", "razor_pay_payment_signature": "170b3c878eb06b9e09e11ff8a6e34b0d77fb02b610bce225cc9ebbaa6dee9195"}}, {"model": "shop.payment", "pk": 34, "fields": {"order": 124, "created_at": "2023-10-21T05:15:26.914Z", "amount": "13149.00", "razor_pay_order_id": "pay_MqjoIPqWnEKu0v", "razor_pay_payment_id": "order_Mqjno3rMN6OiyU", "razor_pay_payment_signature": "f2e76d4e97705d70a09d83645badcb9310183fe623ed7b22d73e8be75c631a3e"}}, {"model": "shop.payment", "pk": 35, "fields": {"order": 125, "created_at": "2023-10-21T09:00:07.911Z", "amount": "13149.00", "razor_pay_order_id": "pay_MqnddQbEW8EOOu", "razor_pay_payment_id": "order_Mqnd48MyJoYFbi", "razor_pay_payment_signature": "630e20e01518da68fd552f21ce57caea0137ba4eec93a4cb71ceb850d2c26f6d"}}, {"model": "shop.payment", "pk": 36, "fields": {"order": 126, "created_at": "2023-10-21T09:03:35.296Z", "amount": "4519.20", "razor_pay_order_id": "pay_MqnhHqU2YMhBuH", "razor_pay_payment_id": "order_Mqngj6wbOzojv2", "razor_pay_payment_signature": "c22ef2669d942663168e9ae4a7562462a94e3e80587bf66a10c59baa4a075815"}}, {"model": "shop.wallet", "pk": 22, "fields": {"user": 4, "order": 120, "amount": "2119.20", "is_credit": true, "created_at": "2023-10-16T07:57:51.773Z", "status": "Credited"}}, {"model": "shop.wallet", "pk": 23, "fields": {"user": 4, "order": 119, "amount": "37248.00", "is_credit": true, "created_at": "2023-10-16T07:59:24.563Z", "status": "Credited"}}, {"model": "shop.wallet", "pk": 24, "fields": {"user": 2, "order": 121, "amount": "13149.00", "is_credit": true, "created_at": "2023-10-16T08:04:28.521Z", "status": "Credited"}}, {"model": "shop.wallet", "pk": 25, "fields": {"user": 4, "order": 122, "amount": "11148.00", "is_credit": true, "created_at": "2023-10-17T09:23:46.907Z", "status": "Credited"}}, {"model": "shop.wallet", "pk": 26, "fields": {"user": 28, "order": 125, "amount": "13149.00", "is_credit": true, "created_at": "2023-10-21T09:00:55.316Z", "status": "Credited"}}, {"model": "shop.notification", "pk": 40, "fields": {"sender": 4, "message": "New order placed by Ashwinvk", "order": 117, "timestamp": "2023-10-16T07:53:50.341Z", "type": ""}}, {"model": "shop.notification", "pk": 41, "fields": {"sender": 4, "message": "New order placed by Ashwinvk", "order": 118, "timestamp": "2023-10-16T07:54:36.176Z", "type": ""}}, {"model": "shop.notification", "pk": 42, "fields": {"sender": 4, "message": "New order placed by Ashwinvk", "order": 119, "timestamp": "2023-10-16T07:55:27.334Z", "type": ""}}, {"model": "shop.notification", "pk": 43, "fields": {"sender": 4, "message": "New order placed by Ashwinvk", "order": 120, "timestamp": "2023-10-16T07:56:19.818Z", "type": ""}}, {"model": "shop.notification", "pk": 44, "fields": {"sender": 4, "message": "Order cancelled by Ashwinvk", "order": 120, "timestamp": "2023-10-16T07:57:51.838Z", "type": "cancelled"}}, {"model": "shop.notification", "pk": 45, "fields": {"sender": 4, "message": "Order cancelled by Ashwinvk", "order": 119, "timestamp": "2023-10-16T07:59:24.762Z", "type": "cancelled"}}, {"model": "shop.notification", "pk": 46, "fields": {"sender": 2, "message": "New order placed by Arjun Mm", "order": 121, "timestamp": "2023-10-16T08:04:21.549Z", "type": ""}}, {"model": "shop.notification", "pk": 47, "fields": {"sender": 2, "message": "Order cancelled by Arjun Mm", "order": 121, "timestamp": "2023-10-16T08:04:28.587Z", "type": "cancelled"}}, {"model": "shop.notification", "pk": 48, "fields": {"sender": 4, "message": "New order placed by Ashwinvk", "order": 122, "timestamp": "2023-10-17T09:23:34.040Z", "type": ""}}, {"model": "shop.notification", "pk": 49, "fields": {"sender": 4, "message": "Order cancelled by Ashwinvk", "order": 122, "timestamp": "2023-10-17T09:23:46.973Z", "type": "cancelled"}}, {"model": "shop.notification", "pk": 50, "fields": {"sender": 4, "message": "Order cancelled by Ashwinvk", "order": 117, "timestamp": "2023-10-18T08:57:13.359Z", "type": "cancelled"}}, {"model": "shop.notification", "pk": 51, "fields": {"sender": 4, "message": "New order placed by Ashwinvk", "order": 123, "timestamp": "2023-10-19T06:38:41.398Z", "type": ""}}, {"model": "shop.notification", "pk": 52, "fields": {"sender": 4, "message": "New order placed by Ashwinvk", "order": 124, "timestamp": "2023-10-21T05:15:26.887Z", "type": ""}}, {"model": "shop.notification", "pk": 53, "fields": {"sender": 28, "message": "New order placed by ashvnn", "order": 125, "timestamp": "2023-10-21T09:00:07.892Z", "type": ""}}, {"model": "shop.notification", "pk": 54, "fields": {"sender": 28, "message": "Order cancelled by ashvnn", "order": 125, "timestamp": "2023-10-21T09:00:55.423Z", "type": "cancelled"}}, {"model": "shop.notification", "pk": 55, "fields": {"sender": 28, "message": "New order placed by ashvnn", "order": 126, "timestamp": "2023-10-21T09:03:35.275Z", "type": ""}}, {"model": "shop.feedback", "pk": 10, "fields": {"name": "sanjuna", "review": "good", "product": 24, "created_at": "2023-10-21T08:20:35.662Z"}}, {"model": "shop.feedback", "pk": 11, "fields": {"name": "Ashwin VK", "review": "nice", "product": 24, "created_at": "2023-10-21T08:20:51.302Z"}}, {"model": "user.customuser", "pk": 1, "fields": {"password": "pbkdf2_sha256$600000$SfhUX2zAIoajfn5ptCDc60$m4jBvGLd39AYF600hdbpeOTFBCktjL/ouVWu6pFojH8=", "last_login": "2023-10-21T09:29:40.664Z", "is_superuser": true, "email": "ash@gmail.com", "first_name": "", "full_name": "", "last_name": "", "is_active": true, "is_staff": true, "date_joined": "2023-09-05T09:53:16.330Z", "ph_no": "", "wallet_bal": "0.00", "groups": [], "user_permissions": []}}, {"model": "user.customuser", "pk": 2, "fields": {"password": "pbkdf2_sha256$600000$nwIFuf5oz8XE0aOwOmLKfO$uite4iWBuJTKidOL0g6IOojHeMCUVDRFOJs6dHbSjMQ=", "last_login": "2023-10-16T08:03:18.751Z", "is_superuser": false, "email": "arj@gmail.com", "first_name": "arjunn", "full_name": "Arjun Mm", "last_name": "mm", "is_active": true, "is_staff": false, "date_joined": "2023-09-05T10:01:24.492Z", "ph_no": "37285470", "wallet_bal": "13149.00", "groups": [], "user_permissions": []}}, {"model": "user.customuser", "pk": 3, "fields": {"password": "pbkdf2_sha256$600000$UTJdOAKcQjYzEMXvjaKRxT$mB22+AuM7tjrsvMgmaPNfS8yFKdHrq4X3rjH5nbAf4g=", "last_login": "2023-09-19T09:46:21.171Z", "is_superuser": false, "email": "sahadmp@gmail.com", "first_name": "sahad", "full_name": "Sahad mp", "last_name": "m", "is_active": true, "is_staff": false, "date_joined": "2023-09-05T10:12:14.202Z", "ph_no": "778463794", "wallet_bal": "0.00", "groups": [], "user_permissions": []}}, {"model": "user.customuser", "pk": 4, "fields": {"password": "pbkdf2_sha256$600000$hO9tg5Pyjcsn3zEUlE65ZU$/o9Dn0hEAvMvIK081C21GNf1hBQFnMfwnmdu0+gSn8Q=", "last_login": "2023-10-21T09:07:23.381Z", "is_superuser": false, "email": "ashvn@gmail.com", "first_name": "ashwin", "full_name": "Ashwinvk", "last_name": "v", "is_active": true, "is_staff": false, "date_joined": "2023-09-06T04:24:42Z", "ph_no": "9961898025", "wallet_bal": "50515.80", "groups": [], "user_permissions": []}}, {"model": "user.customuser", "pk": 5, "fields": {"password": "pbkdf2_sha256$600000$R7w5WPsDO9NRUJYxJAv5Hj$R2Qqz/peK7yYrTHAfc2MGP+FkuBvD7gCLsfvTNLsUFM=", "last_login": null, "is_superuser": false, "email": "aswathvk47@gmail.com", "first_name": "Aswath", "full_name": "Aswath ", "last_name": "Vk", "is_active": true, "is_staff": false, "date_joined": "2023-09-06T09:45:43Z", "ph_no": "88277336", "wallet_bal": "0.00", "groups": [], "user_permissions": []}}, {"model": "user.customuser", "pk": 21, "fields": {"password": "", "last_login": null, "is_superuser": false, "email": "sahadm@gmail.com", "first_name": "sahadm", "full_name": "Sahad mp", "last_name": "m", "is_active": true, "is_staff": false, "date_joined": "2023-09-19T10:36:58.204Z", "ph_no": "778463794", "wallet_bal": "0.00", "groups": [], "user_permissions": []}}, {"model": "user.customuser", "pk": 22, "fields": {"password": "pbkdf2_sha256$600000$JL2V8SEWo6yet8e7EU723N$eGzl3DlJOlRGB70PnB4JO9UJIldCjKC3r6At0FY6guc=", "last_login": "2023-09-20T04:43:35.724Z", "is_superuser": false, "email": "ashwinashi6@gmail.com", "first_name": "", "full_name": "ass", "last_name": "", "is_active": true, "is_staff": false, "date_joined": "2023-09-20T04:43:13.741Z", "ph_no": "", "wallet_bal": "0.00", "groups": [], "user_permissions": []}}, {"model": "user.customuser", "pk": 23, "fields": {"password": "pbkdf2_sha256$600000$OKzHtTiTxW7SRdEC5kvaek$8vrZRgZEEfTqHdRierX0urh5/z/dKsT1rzbXiX5p1a8=", "last_login": "2023-09-25T04:51:50.776Z", "is_superuser": false, "email": "farhanafanu789@gmail.com", "first_name": "", "full_name": "farhana", "last_name": "", "is_active": true, "is_staff": false, "date_joined": "2023-09-25T04:51:30.749Z", "ph_no": "", "wallet_bal": "0.00", "groups": [], "user_permissions": []}}, {"model": "user.customuser", "pk": 24, "fields": {"password": "pbkdf2_sha256$600000$APDPOysyE88Kr8XzLcur7J$/8QbYtDasNMAdR/MQJ+Vl3zIFnH/ZdrgzYQOwM7iNUs=", "last_login": "2023-10-01T09:36:04.178Z", "is_superuser": false, "email": "chanjaldhananjay222@gmail.com", "first_name": "", "full_name": "chachuu", "last_name": "", "is_active": true, "is_staff": false, "date_joined": "2023-10-01T09:35:45.899Z", "ph_no": "", "wallet_bal": "0.00", "groups": [], "user_permissions": []}}, {"model": "user.customuser", "pk": 25, "fields": {"password": "pbkdf2_sha256$600000$15vq0oievmPuIMiOvCYim5$YHoZLbk44TBN58Rq/1/jEfgd4wGxPWa/Z9Sv9u5YZjc=", "last_login": "2023-10-05T10:36:49.312Z", "is_superuser": false, "email": "dev@gmail.com", "first_name": "devikaa", "full_name": "devikaa", "last_name": "v", "is_active": true, "is_staff": false, "date_joined": "2023-10-05T10:36:26.310Z", "ph_no": "67778", "wallet_bal": "0.00", "groups": [], "user_permissions": []}}, {"model": "user.customuser", "pk": 26, "fields": {"password": "pbkdf2_sha256$600000$Psj0vqW0Cuv7srjw3NjdMu$9jX3xRHCA65KK2v8A92RX7Mve9qI+mo8+nm1YnMTCoI=", "last_login": "2023-10-12T06:06:21.307Z", "is_superuser": false, "email": "sanjuna@gmail.com", "first_name": "", "full_name": "sanjuna", "last_name": "", "is_active": true, "is_staff": false, "date_joined": "2023-10-12T06:05:48.004Z", "ph_no": "", "wallet_bal": "0.00", "groups": [], "user_permissions": []}}, {"model": "user.customuser", "pk": 28, "fields": {"password": "pbkdf2_sha256$600000$HRMHT05o01Q9T5nm8ecYCU$Rd3OabAuDHesHkRvuiW4vTw3rmBDWKmUyO3/RctEfJw=", "last_login": "2023-10-21T08:52:19.172Z", "is_superuser": false, "email": "ashvvn@google.com", "first_name": "A", "full_name": "ashvnn", "last_name": "b", "is_active": true, "is_staff": false, "date_joined": "2023-10-21T08:52:07.987Z", "ph_no": "0", "wallet_bal": "13149.00", "groups": [], "user_permissions": []}}]
